"escuela","n_est","cuant","recursos","eta","a1","a2","a3","a4","a5","a6","a7","a8","b1","b2","b3","b4","b5","b6","b7","b8","b9","b10"
"E001",122,0.520589072918523,1.33689257455037,-0.780894005673907,0.5,0.0737704918032787,0.368852459016393,0.122950819672131,0.0819672131147541,0.0819672131147541,0.295081967213115,0.0737704918032787,0.852459016393443,0.163934426229508,0.450819672131148,0.311475409836066,0.262295081967213,0,0.122950819672131,0.590163934426229,0.475409836065574,0.0245901639344262
"E002",120,-1.07969076235228,0.552710403069674,-0.701239382678204,0.875,0.325,0.241666666666667,0.808333333333333,0.125,0.075,0.075,0.0333333333333333,0.716666666666667,0.325,0.1,0.716666666666667,0.0666666666666667,0.0416666666666667,0.333333333333333,0.991666666666667,0.341666666666667,0.383333333333333
"E003",42,0.139238115019273,-1.05652641739161,-1.29690566328357,0.904761904761905,0.0714285714285714,0.380952380952381,0.761904761904762,0.0238095238095238,0.0952380952380952,0.0476190476190476,0.0476190476190476,0.880952380952381,0.238095238095238,0.404761904761905,0.333333333333333,0.0714285714285714,0.0714285714285714,0.0476190476190476,0.904761904761905,0.214285714285714,0.380952380952381
"E004",95,-0.0847487849485765,-0.190182994643526,-1.01852617906619,0.778947368421053,0.0421052631578947,0.484210526315789,0.147368421052632,0.0210526315789474,0.284210526315789,0.0842105263157895,0.126315789473684,0.947368421052632,0.831578947368421,0.0947368421052632,0.0526315789473684,0.0736842105263158,0,0.452631578947368,1,0.368421052631579,0.115789473684211
"E005",171,-0.666639615284596,-0.909224176086877,0.106793532024065,0.988304093567251,0.16374269005848,0.286549707602339,0.228070175438596,0.0116959064327485,0.087719298245614,0.198830409356725,0.064327485380117,0.994152046783626,0.678362573099415,0.157894736842105,0.567251461988304,0.140350877192982,0.0116959064327485,0.0175438596491228,0.994152046783626,0.286549707602339,0.128654970760234
"E006",55,-2.51608903200946,-2.00091550631878,-1.98506501966941,0.709090909090909,0.127272727272727,0.272727272727273,0.0727272727272727,0.0181818181818182,0.236363636363636,0.163636363636364,0,0.727272727272727,0.254545454545455,0.363636363636364,0,0.0727272727272727,0.0181818181818182,0.509090909090909,0.981818181818182,0.163636363636364,0.0181818181818182
"E007",134,-0.735146797456677,1.90897086539068,1.21166007643156,0.925373134328358,0.559701492537313,0.73134328358209,0.776119402985075,0.26865671641791,0.873134328358209,0.194029850746269,0.0746268656716418,0.977611940298508,0.925373134328358,0.171641791044776,0.343283582089552,0.940298507462687,0.0597014925373134,0,0.962686567164179,0.477611940298507,0.156716417910448
"E008",200,-1.02012226313509,1.56898020541778,0.272904988199831,0.93,0.485,0.84,0.725,0.7,0.135,0.16,0.125,0.905,0.97,0.5,0.46,0.24,0.01,0.005,0.97,0.395,0.39
"E009",110,0.113554441297307,0.140301225311454,0.131001843274872,0.909090909090909,0.409090909090909,0.327272727272727,0.836363636363636,0.218181818181818,0.163636363636364,0.354545454545455,0.254545454545455,0.836363636363636,0.7,0.536363636363636,0.327272727272727,0.245454545454545,0.0454545454545455,0.1,0.918181818181818,0.227272727272727,0.145454545454545
"E010",41,-0.473790981840095,-1.42055946460262,0.816465309822309,0.975609756097561,0.414634146341463,0.780487804878049,0.439024390243902,0.170731707317073,0.365853658536585,0.0731707317073171,0.195121951219512,0.975609756097561,0.853658536585366,0.48780487804878,0.853658536585366,0.439024390243902,0,0.121951219512195,0.951219512195122,0.317073170731707,0.292682926829268
"E011",101,-0.408214704337928,0.513066799512409,-0.470390600659916,0.96039603960396,0.356435643564356,0.396039603960396,0.227722772277228,0.099009900990099,0.0792079207920792,0.257425742574257,0.0693069306930693,0.801980198019802,0.722772277227723,0.138613861386139,0.277227722772277,0.326732673267327,0.0396039603960396,0.0198019801980198,0.99009900990099,0.613861386138614,0.396039603960396
"E012",86,-0.730433278593614,-0.987461198891432,-0.304171852393356,0.546511627906977,0.558139534883721,0.662790697674419,0.27906976744186,0.383720930232558,0.0697674418604651,0.0232558139534884,0.116279069767442,0.906976744186046,0.906976744186046,0.290697674418605,0.802325581395349,0.127906976744186,0.0116279069767442,0.197674418604651,0.988372093023256,0.197674418604651,0.151162790697674
"E013",103,-0.221436599406174,0.597223916449456,3.04935068755366,0.990291262135922,0.932038834951456,0.941747572815534,0.640776699029126,0.611650485436893,0.902912621359223,0.485436893203884,0.524271844660194,0.970873786407767,0.786407766990291,0.398058252427184,0.951456310679612,0.864077669902913,0.0194174757281553,0.388349514563107,0.980582524271845,0.524271844660194,0.388349514563107
"E014",171,-0.225816524428951,0.867860400604364,-0.137810680015523,0.818713450292398,0.584795321637427,0.795321637426901,0.16374269005848,0.0701754385964912,0.116959064327485,0.087719298245614,0.0818713450292398,0.56140350877193,0.672514619883041,0.321637426900585,0.257309941520468,0.263157894736842,0.00584795321637427,0.134502923976608,0.912280701754386,0.707602339181287,0.52046783625731
"E015",30,-2.5468814461283,0.189257763959423,0.586368366385178,0.9,0.433333333333333,0.5,0.733333333333333,0.166666666666667,0.266666666666667,0.333333333333333,0.133333333333333,1,0.933333333333333,0.833333333333333,0.7,0.133333333333333,0.266666666666667,0.333333333333333,0.9,0.166666666666667,0.166666666666667
"E016",60,1.34700149929703,-0.0693064069135194,-0.855044232060659,0.75,0.416666666666667,0.266666666666667,0.633333333333333,0.0166666666666667,0.05,0.116666666666667,0.0666666666666667,0.85,0.366666666666667,0.0833333333333333,0.0666666666666667,0.0333333333333333,0,0,0.933333333333333,0.416666666666667,0.583333333333333
"E017",124,0.616408145849969,1.07625933935365,0.807815810762767,0.959677419354839,0.685483870967742,0.782258064516129,0.403225806451613,0.0645161290322581,0.0887096774193548,0.548387096774194,0.241935483870968,0.741935483870968,0.943548387096774,0.338709677419355,0.483870967741935,0.112903225806452,0.0161290322580645,0.290322580645161,0.991935483870968,0.346774193548387,0.443548387096774
"E018",168,0.217564338307888,1.07089132376137,-0.0656072762942679,0.761904761904762,0.142857142857143,0.791666666666667,0.327380952380952,0.0476190476190476,0.107142857142857,0.0952380952380952,0.196428571428571,0.553571428571429,0.875,0.571428571428571,0.166666666666667,0.125,0.202380952380952,0.0952380952380952,0.958333333333333,0.261904761904762,0.18452380952381
"E019",144,-0.804718830400263,0.421633377427644,-1.51402303135054,0.701388888888889,0.0416666666666667,0.208333333333333,0.0763888888888889,0.00694444444444444,0.0347222222222222,0.305555555555556,0.0138888888888889,0.986111111111111,0.770833333333333,0.104166666666667,0.326388888888889,0.340277777777778,0,0.0138888888888889,1,0.222222222222222,0.5
"E020",87,0.68974677762582,-0.12454978063033,-0.297165787301279,0.862068965517241,0.402298850574713,0.701149425287356,0.344827586206897,0.0114942528735632,0.126436781609195,0.103448275862069,0.114942528735632,0.655172413793103,0.574712643678161,0.229885057471264,0.505747126436782,0.0689655172413793,0.0459770114942529,0.206896551724138,1,0.264367816091954,0.137931034482759
"E021",189,-0.32867201409024,0.937192065289507,2.16350620406666,0.952380952380952,0.158730158730159,0.867724867724868,0.555555555555556,0.343915343915344,0.285714285714286,0.645502645502645,0.164021164021164,0.968253968253968,0.957671957671958,0.343915343915344,0.513227513227513,0.560846560846561,0.227513227513228,0.523809523809524,0.978835978835979,0.624338624338624,0.37037037037037
"E022",162,-0.16468157692584,0.200619126393445,-0.172125168261267,0.975308641975309,0.117283950617284,0.351851851851852,0.555555555555556,0.0308641975308642,0.179012345679012,0.0740740740740741,0.0185185185185185,0.91358024691358,0.475308641975309,0.185185185185185,0.203703703703704,0.580246913580247,0.228395061728395,0.0185185185185185,0.796296296296296,0.160493827160494,0.327160493827161
"E023",155,-1.3920288797713,1.44817884292342,-0.611717287736124,0.690322580645161,0.387096774193548,0.116129032258065,0.374193548387097,0,0.406451612903226,0.290322580645161,0.251612903225806,0.219354838709677,0.703225806451613,0.270967741935484,0.464516129032258,0.0645161290322581,0.0387096774193548,0.032258064516129,0.954838709677419,0.206451612903226,0.432258064516129
"E024",182,1.46582476120139,-1.28218256537373,1.11411180792892,0.93956043956044,0.247252747252747,0.796703296703297,0.637362637362637,0.137362637362637,0.263736263736264,0.615384615384615,0.340659340659341,0.994505494505495,0.241758241758242,0.148351648351648,0.324175824175824,0.71978021978022,0.335164835164835,0.868131868131868,0.708791208791209,0.131868131868132,0.368131868131868
"E025",153,0.0482068082254438,-0.084554210547583,-0.607619489443023,0.967320261437909,0.222222222222222,0.810457516339869,0.607843137254902,0.0980392156862745,0.065359477124183,0.281045751633987,0.0392156862745098,0.398692810457516,0.647058823529412,0.111111111111111,0.588235294117647,0.339869281045752,0.0392156862745098,0.281045751633987,0.96078431372549,0.196078431372549,0.568627450980392
"E026",75,1.90808383464199,1.10161395316682,1.29816999788128,0.88,0.706666666666667,0.466666666666667,0.626666666666667,0.253333333333333,0.493333333333333,0.36,0.08,0.96,0.6,0.293333333333333,0.253333333333333,0.76,0.386666666666667,0.0666666666666667,0.946666666666667,0.24,0.173333333333333
"E027",153,1.73094452723732,-0.690699575305395,0.727805079335466,0.96078431372549,0.490196078431373,0.718954248366013,0.712418300653595,0.0915032679738562,0.339869281045752,0.529411764705882,0.137254901960784,0.679738562091503,0.856209150326797,0.26797385620915,0.287581699346405,0.38562091503268,0.183006535947712,0.568627450980392,0.941176470588235,0.248366013071895,0.300653594771242
"E028",102,0.0581458372592962,-1.72541538917727,-0.857248691596877,0.92156862745098,0.294117647058824,0.0980392156862745,0.196078431372549,0.0686274509803922,0.343137254901961,0.0490196078431373,0.00980392156862745,0.833333333333333,0.254901960784314,0.127450980392157,0.323529411764706,0.127450980392157,0.0882352941176471,0.323529411764706,0.872549019607843,0.509803921568627,0.274509803921569
"E029",81,0.645328161775171,0.565885692360889,0.102062797844618,0.91358024691358,0.246913580246914,0.333333333333333,0.518518518518518,0.0864197530864197,0.037037037037037,0.308641975308642,0.0246913580246914,1,0.592592592592593,0.308641975308642,0.666666666666667,0.271604938271605,0.0246913580246914,0.037037037037037,0.91358024691358,0.37037037037037,0.296296296296296
"E030",94,1.7256289865063,-0.596158417224681,1.9535607402676,0.978723404255319,0.531914893617021,0.414893617021277,0.851063829787234,0.191489361702128,0.829787234042553,0.542553191489362,0.0638297872340425,0.872340425531915,0.98936170212766,0.48936170212766,0.74468085106383,0.25531914893617,0.0638297872340425,0.159574468085106,0.936170212765957,0.148936170212766,0.308510638297872
"E031",34,-0.528966917456246,-0.489345024258458,-0.497231975700854,0.970588235294118,0.352941176470588,0.470588235294118,0.470588235294118,0.147058823529412,0.0882352941176471,0.205882352941176,0.147058823529412,0.941176470588235,0.882352941176471,0.352941176470588,0.5,0.0588235294117647,0,0,1,0.0882352941176471,0.176470588235294
"E032",58,0.166392025612551,0.768893360822469,2.18092654074573,1,0.827586206896552,0.879310344827586,0.741379310344828,0.293103448275862,0.344827586206897,0.551724137931034,0.275862068965517,0.948275862068966,0.913793103448276,0.741379310344828,0.896551724137931,0.672413793103448,0.327586206896552,0.103448275862069,0.96551724137931,0.310344827586207,0.155172413793103
"E033",54,-0.254723574763946,2.11461189033211,0.356558844029634,0.685185185185185,0.611111111111111,0.462962962962963,0.481481481481481,0.0555555555555556,0.259259259259259,0.203703703703704,0.148148148148148,0.814814814814815,0.592592592592593,0.185185185185185,0.148148148148148,0.777777777777778,0.351851851851852,0.037037037037037,0.981481481481482,0.240740740740741,0.296296296296296
"E034",132,0.332782359437909,0.0447809835460714,-0.0681256117412154,0.871212121212121,0.113636363636364,0.651515151515151,0.613636363636364,0.0378787878787879,0.151515151515152,0.121212121212121,0.0303030303030303,0.962121212121212,0.643939393939394,0.689393939393939,0.00757575757575758,0.560606060606061,0.166666666666667,0.0303030303030303,0.757575757575758,0.333333333333333,0.371212121212121
"E035",37,0.182432812827635,0.947241069815817,-0.172761217889513,0.864864864864865,0.378378378378378,0.297297297297297,0.027027027027027,0.108108108108108,0.135135135135135,0.459459459459459,0.405405405405405,0.27027027027027,0.72972972972973,0.405405405405405,0.486486486486487,0.162162162162162,0.0810810810810811,0,0.459459459459459,0.648648648648649,0.162162162162162
"E036",139,1.164593749518,-2.1245087083504,-2.6708727605944,0.611510791366906,0.0503597122302158,0.136690647482014,0.079136690647482,0.00719424460431655,0.0287769784172662,0.0359712230215827,0,0.100719424460432,0.37410071942446,0.0359712230215827,0.237410071942446,0,0.0431654676258993,0.0647482014388489,0.97841726618705,0.453237410071942,0.539568345323741
"E037",49,0.593492850727868,0.0904283264577256,-1.3805503977713,0.73469387755102,0.0816326530612245,0.36734693877551,0.326530612244898,0.0612244897959184,0.0204081632653061,0.0204081632653061,0.0204081632653061,0.836734693877551,0.795918367346939,0.469387755102041,0.306122448979592,0.408163265306122,0.0408163265306122,0.102040816326531,1,0.428571428571429,0.26530612244898
"E038",98,-0.891779729217369,-1.73914879260394,-0.961766946474016,0.73469387755102,0.255102040816327,0.479591836734694,0.153061224489796,0.0612244897959184,0.0918367346938776,0.602040816326531,0.122448979591837,0.948979591836735,0.306122448979592,0.142857142857143,0.0816326530612245,0.13265306122449,0.0612244897959184,0.0204081632653061,0.683673469387755,0.0816326530612245,0.26530612244898
"E039",69,0.577253310357403,-1.7022883303277,-0.920009146732997,0.898550724637681,0.188405797101449,0.753623188405797,0.376811594202899,0.173913043478261,0.521739130434783,0.130434782608696,0.0289855072463768,0.956521739130435,0.869565217391304,0.521739130434783,0.333333333333333,0.289855072463768,0.0869565217391304,0.0144927536231884,0.652173913043478,0.434782608695652,0.115942028985507
"E040",106,-0.824905581058043,1.40829639529108,1.44513347219622,0.962264150943396,0.39622641509434,0.707547169811321,0.735849056603774,0.39622641509434,0.254716981132075,0.575471698113208,0.179245283018868,0.962264150943396,0.726415094339623,0.688679245283019,0.622641509433962,0.886792452830189,0.69811320754717,0.0849056603773585,0.971698113207547,0.141509433962264,0.867924528301887
"E041",160,-1.15725385762344,0.69816811272235,0.0365133772452307,0.8375,0.76875,0.8125,0.4,0.21875,0.05625,0.39375,0.2875,0.9875,0.975,0.08125,0.1125,0.3125,0.3,0.1375,0.96875,0.74375,0.39375
"E042",153,0.777998774006214,0.5760854391738,0.0489769469746156,0.941176470588235,0.294117647058824,0.568627450980392,0.542483660130719,0.143790849673203,0.241830065359477,0.444444444444444,0.0522875816993464,0.823529411764706,0.869281045751634,0.0849673202614379,0.189542483660131,0.333333333333333,0.0849673202614379,0.431372549019608,0.967320261437909,0.0849673202614379,0.281045751633987
"E043",57,-1.20422178597307,-0.534336060471033,0.253756376973969,0.982456140350877,0.157894736842105,0.894736842105263,0.473684210526316,0.0701754385964912,0.263157894736842,0.56140350877193,0.456140350877193,0.807017543859649,0.824561403508772,0.210526315789474,0.105263157894737,0.421052631578947,0.456140350877193,0.0175438596491228,0.824561403508772,0.614035087719298,0.12280701754386
"E044",102,0.30671410214768,-1.28198635078153,-0.887932054707043,0.588235294117647,0.0882352941176471,0.617647058823529,0.392156862745098,0.0294117647058824,0.0980392156862745,0.0882352941176471,0.0392156862745098,0.980392156862745,0.323529411764706,0.0490196078431373,0.176470588235294,0.705882352941177,0.0490196078431373,0.254901960784314,0.970588235294118,0.147058823529412,0.0294117647058824
"E045",189,-0.833658540642056,0.429614218440963,-0.0584247039867036,0.920634920634921,0.137566137566138,0.566137566137566,0.338624338624339,0.0582010582010582,0.28042328042328,0.264550264550265,0.0423280423280423,0.957671957671958,0.915343915343915,0.423280423280423,0.656084656084656,0.772486772486772,0.0158730158730159,0.232804232804233,0.920634920634921,0.153439153439153,0.46031746031746
"E046",62,1.41814116350375,-1.12943767906222,0.784587720868425,0.82258064516129,0.0645161290322581,0.806451612903226,0.516129032258065,0.161290322580645,0.112903225806452,0.629032258064516,0.306451612903226,0.903225806451613,0.161290322580645,0.209677419354839,0.32258064516129,0.564516129032258,0.112903225806452,0.225806451612903,0.951612903225806,0.741935483870968,0.67741935483871
"E047",119,0.711786117850718,2.41976367943378,1.04671271686608,0.890756302521008,0.588235294117647,0.672268907563025,0.705882352941177,0.394957983193277,0.336134453781513,0.38655462184874,0.605042016806723,0.983193277310924,0.579831932773109,0.218487394957983,0.941176470588235,0.151260504201681,0.100840336134454,0.285714285714286,0.789915966386555,0.142857142857143,0.19327731092437
"E048",176,-0.402497722862373,0.0782761044809724,-0.337195863978953,0.988636363636364,0.272727272727273,0.380681818181818,0.25,0.221590909090909,0.272727272727273,0.340909090909091,0.0852272727272727,0.721590909090909,0.539772727272727,0.159090909090909,0.232954545454545,0.420454545454545,0.00568181818181818,0.193181818181818,0.818181818181818,0.465909090909091,0.227272727272727
"E049",43,0.799362218714509,0.316225234142966,0.180266268515886,1,0.767441860465116,0.372093023255814,0.720930232558139,0.116279069767442,0.116279069767442,0,0.0697674418604651,0.790697674418605,0.883720930232558,0.558139534883721,0.511627906976744,0.767441860465116,0.232558139534884,0.162790697674419,0.976744186046512,0.302325581395349,0.302325581395349
"E050",156,0.426484435556948,-1.5794002086685,-0.631191703058938,0.788461538461538,0.269230769230769,0.121794871794872,0.25,0.0384615384615385,0.262820512820513,0.166666666666667,0.00641025641025641,0.91025641025641,0.634615384615385,0.506410256410256,0.461538461538462,0.0833333333333333,0.0192307692307692,0.108974358974359,0.487179487179487,0.320512820512821,0.128205128205128
"E051",168,-1.16989866993562,0.518905620032067,0.957455854143931,0.964285714285714,0.589285714285714,0.892857142857143,0.791666666666667,0.31547619047619,0.172619047619048,0.446428571428571,0.142857142857143,0.94047619047619,0.851190476190476,0.755952380952381,0.416666666666667,0.964285714285714,0.511904761904762,0.291666666666667,0.946428571428571,0.130952380952381,0.25
"E052",178,-0.206200160293019,1.13539238442515,0.270204783299205,0.966292134831461,0.314606741573034,0.578651685393258,0.185393258426966,0.0674157303370786,0.0898876404494382,0.258426966292135,0.365168539325843,0.949438202247191,0.567415730337079,0.134831460674157,0.702247191011236,0.634831460674157,0.191011235955056,0.224719101123595,1,0.0955056179775281,0.230337078651685
"E053",191,-0.930610309243612,0.312404463905503,-1.0745271658072,0.654450261780105,0.246073298429319,0.43455497382199,0.18848167539267,0.031413612565445,0.130890052356021,0.0575916230366492,0.0366492146596859,0.445026178010471,0.722513089005236,0.0471204188481675,0.225130890052356,0.272251308900524,0,0.0157068062827225,0.884816753926702,0.130890052356021,0.335078534031414
"E054",192,0.449397565791737,0.05554413008899,-0.26324817675209,0.8125,0.322916666666667,0.416666666666667,0.572916666666667,0.0625,0.0677083333333333,0.276041666666667,0.0677083333333333,0.869791666666667,0.890625,0.171875,0.00520833333333333,0.401041666666667,0.00520833333333333,0.145833333333333,0.96875,0.78125,0.244791666666667
"E055",196,-0.644806454562313,1.56545282333373,-0.669952844470129,0.938775510204082,0.51530612244898,0.326530612244898,0.311224489795918,0.214285714285714,0.209183673469388,0.295918367346939,0.11734693877551,0.938775510204082,0.938775510204082,0.336734693877551,0.75,0.11734693877551,0.0204081632653061,0.122448979591837,0.790816326530612,0.153061224489796,0.107142857142857
"E056",81,-0.231422689810958,0.718830766147177,0.500315617809211,0.938271604938272,0.320987654320988,0.864197530864197,0.901234567901235,0.185185185185185,0.320987654320988,0.222222222222222,0.0864197530864197,0.580246913580247,0.666666666666667,0.135802469135802,0.592592592592593,0.666666666666667,0.271604938271605,0.0246913580246914,0.962962962962963,0.45679012345679,0.432098765432099
"E057",103,-1.23636801144537,0.634325711079806,-0.556880131465123,0.87378640776699,0.213592233009709,0.252427184466019,0.368932038834951,0.145631067961165,0.145631067961165,0.0970873786407767,0.116504854368932,0.679611650485437,0.902912621359223,0.0970873786407767,0.310679611650485,0.514563106796116,0.029126213592233,0.339805825242718,0.980582524271845,0.262135922330097,0.0970873786407767
"E058",82,-0.960955298223015,1.06590668950288,0.182990029398976,0.902439024390244,0.170731707317073,0.304878048780488,0.646341463414634,0.134146341463415,0.402439024390244,0.219512195121951,0.024390243902439,0.975609756097561,0.670731707317073,0.292682926829268,0.24390243902439,0.158536585365854,0.158536585365854,0.292682926829268,0.975609756097561,0.402439024390244,0.207317073170732
"E059",45,0.133956281569561,0.341888554248612,0.422670159431324,0.844444444444444,0.155555555555556,0.444444444444444,0.577777777777778,0.177777777777778,0.2,0.777777777777778,0.155555555555556,0.866666666666667,0.755555555555556,0.111111111111111,0.266666666666667,0.488888888888889,0.111111111111111,0.0666666666666667,1,0.2,0.222222222222222
"E060",33,-0.999052722969284,3.14336714054499,-2.09629444746597,0.575757575757576,0.0909090909090909,0.303030303030303,0.0606060606060606,0.0303030303030303,0.121212121212121,0.272727272727273,0.121212121212121,0.939393939393939,0.818181818181818,0.0909090909090909,0.0909090909090909,0.0303030303030303,0,0.0909090909090909,0.666666666666667,0.181818181818182,0.363636363636364
"E061",111,-0.141470690813213,0.349950832519039,-0.716610190289745,0.846846846846847,0.405405405405405,0.378378378378378,0.261261261261261,0.216216216216216,0.0540540540540541,0.18018018018018,0.0990990990990991,0.945945945945946,0.81981981981982,0.27027027027027,0.153153153153153,0.27027027027027,0,0.657657657657658,0.981981981981982,0.171171171171171,0.396396396396396
"E062",61,0.167329899648813,1.07333545251137,2.25469754213265,0.983606557377049,0.688524590163934,0.836065573770492,0.80327868852459,0.639344262295082,0.655737704918033,0.524590163934426,0.442622950819672,0.967213114754098,0.934426229508197,0.655737704918033,0.19672131147541,0.163934426229508,0.131147540983607,0.459016393442623,0.967213114754098,0.245901639344262,0.131147540983607
"E063",162,-0.198788612671681,0.916437872494606,0.367896709663971,0.888888888888889,0.0802469135802469,0.666666666666667,0.512345679012346,0.216049382716049,0.111111111111111,0.0679012345679012,0.0987654320987654,0.895061728395062,0.771604938271605,0.12962962962963,0.0432098765432099,0.555555555555556,0.037037037037037,0.222222222222222,0.993827160493827,0.320987654320988,0.172839506172839
"E064",80,-0.291207188092097,0.71765690362959,-0.0239380990990367,0.975,0.25,0.825,0.9,0.2875,0.125,0.325,0.125,0.85,0.8125,0.7625,0.725,0.425,0.0875,0.05,1,0.3125,0.425
"E065",49,-1.73439703424929,1.05548502974692,0.0769467143384891,0.612244897959184,0.36734693877551,0.285714285714286,0.387755102040816,0.0816326530612245,0.204081632653061,0.469387755102041,0.0612244897959184,0.73469387755102,0.775510204081633,0,0.612244897959184,0.102040816326531,0.0816326530612245,0.326530612244898,0.959183673469388,0.122448979591837,0
"E066",177,-0.272728331732604,0.350592199470931,0.482322907217834,0.937853107344633,0.553672316384181,0.468926553672316,0.553672316384181,0.27683615819209,0.0621468926553672,0.774011299435028,0.435028248587571,0.966101694915254,0.926553672316384,0.146892655367232,0.491525423728814,0.76271186440678,0.27683615819209,0.0508474576271186,0.892655367231638,0.0790960451977401,0.11864406779661
"E067",38,-1.79992948169682,-1.93603847989057,-2.44471045117631,0.578947368421053,0,0.0526315789473684,0.105263157894737,0.105263157894737,0,0.0263157894736842,0.0526315789473684,0.473684210526316,0.631578947368421,0.0789473684210526,0.131578947368421,0.342105263157895,0,0.105263157894737,0.868421052631579,0.105263157894737,0.263157894736842
"E068",97,1.15274097680304,-0.800741941084278,0.227417914059209,0.88659793814433,0.845360824742268,0.360824742268041,0.824742268041237,0.237113402061856,0.402061855670103,0.154639175257732,0.536082474226804,0.845360824742268,0.855670103092783,0.608247422680412,0.56701030927835,0.22680412371134,0.0103092783505155,0.391752577319588,0.979381443298969,0.350515463917526,0.11340206185567
"E069",143,-1.003319485592,2.34293958213089,0.932526424126362,0.972027972027972,0.524475524475524,0.629370629370629,0.510489510489511,0.426573426573427,0.293706293706294,0.216783216783217,0.0699300699300699,0.944055944055944,0.909090909090909,0.41958041958042,0.230769230769231,0.286713286713287,0.041958041958042,0.363636363636364,0.993006993006993,0.713286713286713,0.251748251748252
"E070",136,0.148210044292539,1.92087838946788,0.837478566741453,0.992647058823529,0.448529411764706,0.286764705882353,0.735294117647059,0.227941176470588,0.316176470588235,0.360294117647059,0.470588235294118,1,0.992647058823529,0.323529411764706,0.426470588235294,0.610294117647059,0.0147058823529412,0.235294117647059,0.970588235294118,0.352941176470588,0.117647058823529
"E071",111,0.519496680749176,-0.109538639946886,-0.0389107967084682,0.747747747747748,0.216216216216216,0.441441441441441,0.0810810810810811,0.0630630630630631,0.576576576576577,0.621621621621622,0.126126126126126,0.990990990990991,0.36036036036036,0.459459459459459,0.603603603603604,0.108108108108108,0.0720720720720721,0.351351351351351,0.918918918918919,0.540540540540541,0.594594594594595
"E072",64,0.00543629447576128,-2.51282078633865,-0.942300109417344,0.734375,0.234375,0.609375,0.171875,0.015625,0.078125,0.234375,0.5,0.984375,0.46875,0.21875,0.515625,0.140625,0.046875,0.046875,0.890625,0.484375,0.234375
"E073",92,1.34702083465394,-0.759623633062425,-0.591997104203167,0.83695652173913,0.402173913043478,0.565217391304348,0.217391304347826,0.0978260869565217,0.0326086956521739,0.271739130434783,0.108695652173913,0.83695652173913,0.75,0.141304347826087,0.293478260869565,0.0760869565217391,0.0108695652173913,0.0326086956521739,0.902173913043478,0.0652173913043478,0.228260869565217
"E074",171,-0.847033417295996,-1.50546286281683,-1.07160955354867,0.584795321637427,0.368421052631579,0.157894736842105,0.327485380116959,0.0233918128654971,0.380116959064327,0.444444444444444,0,0.736842105263158,0.906432748538012,0.064327485380117,0.192982456140351,0.0994152046783626,0.16374269005848,0.450292397660819,0.900584795321637,0.111111111111111,0.064327485380117
"E075",103,0.443398017315772,-1.67824570835886,0.0209896505725531,1,0.650485436893204,0.271844660194175,0.718446601941748,0.388349514563107,0.368932038834951,0.194174757281553,0.0679611650485437,0.961165048543689,0.262135922330097,0.728155339805825,0.106796116504854,0.184466019417476,0.271844660194175,0.0679611650485437,0.990291262135922,0.300970873786408,0.135922330097087
"E076",198,-0.977149468323314,0.950098626350105,-0.686988923479399,0.914141414141414,0.308080808080808,0.585858585858586,0.454545454545455,0.171717171717172,0.333333333333333,0.257575757575758,0.0606060606060606,0.378787878787879,0.939393939393939,0.151515151515152,0.616161616161616,0.131313131313131,0,0.146464646464646,0.954545454545455,0.0909090909090909,0.146464646464646
"E077",38,2.12449113551361,0.124953593318981,0.912179237092649,0.921052631578947,0.526315789473684,0.842105263157895,0.526315789473684,0.0789473684210526,0.131578947368421,0.342105263157895,0.105263157894737,1,0.578947368421053,0.552631578947368,0.0526315789473684,0.210526315789474,0.131578947368421,0.0263157894736842,1,0.157894736842105,0.0789473684210526
"E078",185,0.687698960561541,1.43839197208062,0.919884309051846,0.864864864864865,0.172972972972973,0.421621621621622,0.216216216216216,0.216216216216216,0.378378378378378,0.0756756756756757,0.0648648648648649,0.956756756756757,0.691891891891892,0.464864864864865,0.0918918918918919,0.340540540540541,0.0648648648648649,0.513513513513513,0.956756756756757,0.286486486486487,0.172972972972973
"E079",179,-0.343368220180396,-1.32535121599528,0.288489397991723,0.955307262569832,0.480446927374302,0.804469273743017,0.726256983240223,0.217877094972067,0.335195530726257,0.128491620111732,0.385474860335196,0.93854748603352,0.625698324022346,0.290502793296089,0.0782122905027933,0.189944134078212,0.195530726256983,0.0223463687150838,0.994413407821229,0.430167597765363,0.525139664804469
"E080",142,0.785169472673946,-1.00393459317338,-1.37766120916925,0.859154929577465,0.183098591549296,0.288732394366197,0.359154929577465,0.0704225352112676,0.0352112676056338,0.225352112676056,0.00704225352112676,0.936619718309859,0.795774647887324,0.295774647887324,0.154929577464789,0.0704225352112676,0.00704225352112676,0.0704225352112676,0.894366197183099,0.366197183098592,0.0563380281690141
"E081",32,-1.15557746077052,0.642208565811121,-0.157564335903914,0.90625,0.34375,0.46875,0.40625,0.21875,0.03125,0.0625,0.03125,0.6875,0.875,0.09375,0.65625,0.03125,0,0.4375,0.9375,0.125,0.34375
"E082",47,1.5089163463927,1.15655108036238,1.81917476957992,1,0.638297872340426,0.914893617021277,0.74468085106383,0.191489361702128,0.276595744680851,0.297872340425532,0.297872340425532,0.617021276595745,0.872340425531915,0.765957446808511,0.574468085106383,0.595744680851064,0.723404255319149,0.0425531914893617,0.978723404255319,0.127659574468085,0.234042553191489
"E083",196,-1.15549616025736,-0.173573480005486,-0.231242440376253,0.959183673469388,0.418367346938776,0.448979591836735,0.346938775510204,0.0459183673469388,0.086734693877551,0.193877551020408,0.076530612244898,0.811224489795918,0.862244897959184,0.494897959183673,0.107142857142857,0.122448979591837,0.0306122448979592,0.0102040816326531,0.836734693877551,0.408163265306122,0.255102040816327
"E084",112,-1.55681181020668,-0.964569098629924,-2.52748966365545,0.758928571428571,0.116071428571429,0.285714285714286,0.133928571428571,0.0178571428571429,0.0267857142857143,0.0357142857142857,0.0446428571428571,0.946428571428571,0.258928571428571,0.241071428571429,0.0267857142857143,0.0178571428571429,0,0,0.758928571428571,0.410714285714286,0.232142857142857
"E085",173,-0.0552479252235566,1.85379901629885,0.45195127975223,0.919075144508671,0.271676300578035,0.595375722543353,0.630057803468208,0.283236994219653,0.352601156069364,0.780346820809249,0.208092485549133,0.953757225433526,0.890173410404624,0.0635838150289017,0.624277456647399,0.190751445086705,0.0173410404624277,0.0289017341040462,0.930635838150289,0.236994219653179,0.132947976878613
"E086",176,0.849193162702715,1.68436511079776,1.95378950911982,0.9375,0.409090909090909,0.857954545454545,0.653409090909091,0.4375,0.363636363636364,0.386363636363636,0.193181818181818,0.994318181818182,0.789772727272727,0.289772727272727,0.715909090909091,0.471590909090909,0.465909090909091,0.323863636363636,0.931818181818182,0.357954545454545,0.505681818181818
"E087",126,-0.0110967225036592,1.05731214066179,-0.548304187378149,0.76984126984127,0.293650793650794,0.277777777777778,0.166666666666667,0.0634920634920635,0.182539682539683,0.357142857142857,0.0317460317460317,0.69047619047619,0.833333333333333,0.507936507936508,0.0555555555555556,0.23015873015873,0.0952380952380952,0.0873015873015873,1,0.19047619047619,0.182539682539683
"E088",181,-0.760313831780719,0.814561626549095,0.0715041934238636,0.685082872928177,0.392265193370166,0.215469613259669,0.259668508287293,0.132596685082873,0.403314917127072,0.375690607734807,0.110497237569061,0.718232044198895,0.878453038674033,0.359116022099448,0.176795580110497,0.723756906077348,0.226519337016575,0.209944751381215,0.977900552486188,0.38121546961326,0.198895027624309
"E089",56,1.17579925167624,-1.19459693410643,-0.514146102664027,0.589285714285714,0.589285714285714,0.589285714285714,0.267857142857143,0.0892857142857143,0.178571428571429,0.196428571428571,0.125,0.964285714285714,0.732142857142857,0.196428571428571,0.0178571428571429,0.517857142857143,0.0892857142857143,0.214285714285714,0.857142857142857,0.214285714285714,0.107142857142857
"E090",97,2.41444970903476,-2.02885658613829,1.26273232108067,0.979381443298969,0.690721649484536,0.474226804123711,0.752577319587629,0.164948453608247,0.443298969072165,0.494845360824742,0.319587628865979,0.969072164948454,0.969072164948454,0.742268041237113,0.56701030927835,0.309278350515464,0.164948453608247,0.0412371134020619,0.969072164948454,0.649484536082474,0.164948453608247
"E091",132,-1.95851276822613,2.12408653976063,0.859628064994949,0.977272727272727,0.909090909090909,0.810606060606061,0.477272727272727,0.0909090909090909,0.356060606060606,0.166666666666667,0.0681818181818182,0.939393939393939,0.416666666666667,0.704545454545455,0.537878787878788,0.0303030303030303,0.439393939393939,0.053030303030303,0.977272727272727,0.121212121212121,0.0606060606060606
"E092",34,1.4735898934298,0.299219062813124,0.936037848847559,0.823529411764706,0.235294117647059,0.411764705882353,0.176470588235294,0.0882352941176471,0.352941176470588,0.0882352941176471,0.529411764705882,0.470588235294118,0.735294117647059,0.588235294117647,0.382352941176471,0.235294117647059,0.176470588235294,0.117647058823529,0.970588235294118,0.264705882352941,0.676470588235294
"E093",162,-0.47488396149873,-0.824643051149339,-0.00469302767588592,0.388888888888889,0.407407407407407,0.617283950617284,0.481481481481481,0.0740740740740741,0.302469135802469,0.37037037037037,0.0308641975308642,0.975308641975309,0.833333333333333,0.277777777777778,0.259259259259259,0.0246913580246914,0.00617283950617284,0.12962962962963,0.722222222222222,0.37037037037037,0.197530864197531
"E094",145,0.981170983785874,1.52434567788945,0.74897244678458,0.855172413793103,0.703448275862069,0.620689655172414,0.882758620689655,0.282758620689655,0.227586206896552,0.331034482758621,0.124137931034483,0.986206896551724,0.737931034482759,0.496551724137931,0.386206896551724,0.23448275862069,0.0758620689655172,0.193103448275862,0.848275862068966,0.351724137931034,0.289655172413793
"E095",125,-1.82435521953656,-0.614820405730783,0.973176168701226,0.976,0.368,0.576,0.672,0.568,0.424,0.432,0.032,0.984,0.992,0.184,0.472,0.36,0.08,0.488,0.992,0.28,0.528
"E096",48,-0.260610817352268,-0.45976066348376,0.643591455503455,0.916666666666667,0.333333333333333,0.9375,0.5625,0.1875,0.229166666666667,0.354166666666667,0.229166666666667,0.9375,0.875,0.479166666666667,0.770833333333333,0.291666666666667,0.0625,0.0208333333333333,1,0.458333333333333,0.229166666666667
"E097",165,-0.95884531257366,0.443640987583446,-1.39793708700685,0.896969696969697,0.375757575757576,0.387878787878788,0.266666666666667,0.0606060606060606,0.0666666666666667,0.145454545454545,0.0424242424242424,0.496969696969697,0.290909090909091,0.0545454545454545,0.0242424242424242,0.0363636363636364,0.0363636363636364,0.0848484848484849,0.848484848484849,0.551515151515152,0.309090909090909
"E098",57,-0.490295710066525,-1.39598147444982,-1.80447917479316,0.701754385964912,0.0526315789473684,0.473684210526316,0.140350877192982,0,0.0350877192982456,0.087719298245614,0.0350877192982456,0.666666666666667,0.491228070175439,0.192982456140351,0,0.087719298245614,0.157894736842105,0.0175438596491228,0.982456140350877,0.315789473684211,0.157894736842105
"E099",102,-1.07729671360066,-0.502477861628173,-0.592451846387962,1,0.637254901960784,0.676470588235294,0.343137254901961,0.0490196078431373,0.323529411764706,0.0784313725490196,0.0686274509803922,0.950980392156863,0.950980392156863,0.107843137254902,0.205882352941176,0.509803921568627,0.127450980392157,0.245098039215686,0.990196078431373,0.715686274509804,0.147058823529412
"E100",55,0.369425910544446,-1.06059878223795,-0.461503191132678,0.890909090909091,0.327272727272727,0.581818181818182,0.6,0.0545454545454545,0.181818181818182,0.454545454545455,0,0.836363636363636,0.672727272727273,0.109090909090909,0.0545454545454545,0.145454545454545,0,0.0363636363636364,0.909090909090909,0.0909090909090909,0.145454545454545
"E101",31,1.21626648113935,1.17460715763047,1.04847351878017,0.967741935483871,0.612903225806452,0.645161290322581,0.548387096774194,0.129032258064516,0.387096774193548,0.612903225806452,0.193548387096774,0.935483870967742,0.935483870967742,0.193548387096774,0.483870967741935,0.483870967741935,0.129032258064516,0.129032258064516,1,0.258064516129032,0.0645161290322581
"E102",97,-0.493843235614103,0.330371459656535,-0.462533363433996,0.824742268041237,0.298969072164948,0.329896907216495,0.412371134020619,0.103092783505155,0.0103092783505155,0.257731958762887,0.0721649484536082,0.731958762886598,0.701030927835051,0.195876288659794,0.22680412371134,0.22680412371134,0.0412371134020619,0.164948453608247,0.979381443298969,0.402061855670103,0.257731958762887
"E103",107,-0.227784720977188,-0.288433220566114,-0.659318738168585,0.934579439252336,0.158878504672897,0.644859813084112,0.663551401869159,0.0654205607476635,0.11214953271028,0.0560747663551402,0.0280373831775701,0.990654205607477,0.953271028037383,0.177570093457944,0.710280373831776,0.14018691588785,0.0654205607476635,0.308411214953271,0.94392523364486,0.551401869158878,0.560747663551402
"E104",195,-1.11164888704727,1.32156210264278,0.790385404619344,0.969230769230769,0.897435897435897,0.815384615384615,0.358974358974359,0.251282051282051,0.323076923076923,0.256410256410256,0.117948717948718,0.994871794871795,0.558974358974359,0.0923076923076923,0.261538461538462,0.0923076923076923,0.174358974358974,0.112820512820513,0.974358974358974,0.343589743589744,0.502564102564103
"E105",133,0.995833089409624,-0.0454740273538609,1.17894442576027,0.834586466165414,0.473684210526316,0.864661654135338,0.849624060150376,0.0300751879699248,0.503759398496241,0.473684210526316,0.323308270676692,0.977443609022556,0.609022556390977,0.210526315789474,0.684210526315789,0.511278195488722,0.270676691729323,0.075187969924812,0.984962406015038,0.0902255639097744,0.24812030075188
"E106",52,0.561828890946087,-0.214793901616877,0.768242202291203,0.942307692307692,0.538461538461538,0.826923076923077,0.346153846153846,0.230769230769231,0.288461538461538,0.0384615384615385,0.230769230769231,1,0.961538461538462,0.423076923076923,0.769230769230769,0.230769230769231,0.115384615384615,0.134615384615385,0.923076923076923,0.576923076923077,0.5
"E107",52,-1.56427855651588,0.13480451241815,-0.608397226710985,0.980769230769231,0.557692307692308,0.461538461538462,0.403846153846154,0.0576923076923077,0.115384615384615,0.115384615384615,0.0384615384615385,0.788461538461538,0.826923076923077,0.326923076923077,0.134615384615385,0.173076923076923,0.0576923076923077,0.0384615384615385,1,0.365384615384615,0.288461538461538
"E108",52,1.48107701910531,-0.644997500085118,1.12408447806902,0.961538461538462,0.923076923076923,0.442307692307692,0.480769230769231,0.326923076923077,0.442307692307692,0.519230769230769,0.384615384615385,0.942307692307692,0.788461538461538,0.307692307692308,0.326923076923077,0.230769230769231,0.0384615384615385,0.115384615384615,0.961538461538462,0.0769230769230769,0.211538461538462
"E109",110,-1.16920515011223,0.0570719155291017,-1.80144246837511,0.3,0.0272727272727273,0.181818181818182,0.109090909090909,0.0272727272727273,0.0454545454545455,0.227272727272727,0.0181818181818182,0.8,0.709090909090909,0.545454545454545,0.118181818181818,0.345454545454545,0.0545454545454545,0.0636363636363636,0.945454545454545,0.172727272727273,0.327272727272727
"E110",124,-1.05201353746636,0.931184671545328,-1.32099960997836,0.524193548387097,0.467741935483871,0.467741935483871,0.0967741935483871,0.0161290322580645,0.266129032258065,0.0725806451612903,0.00806451612903226,0.830645161290323,0.153225806451613,0.0645161290322581,0.0806451612903226,0,0.0806451612903226,0.145161290322581,0.967741935483871,0.0887096774193548,0.145161290322581
"E111",147,-1.47184552482902,0.203663452276264,0.490085684489958,0.925170068027211,0.346938775510204,0.653061224489796,0.714285714285714,0.142857142857143,0.530612244897959,0.585034013605442,0.346938775510204,0.925170068027211,0.965986394557823,0.142857142857143,0.231292517006803,0.789115646258503,0.0816326530612245,0.0136054421768707,0.925170068027211,0.251700680272109,0.374149659863946
"E112",55,-1.19343692076419,1.62579612344971,-0.37664595620295,0.709090909090909,0.381818181818182,0.709090909090909,0.218181818181818,0.109090909090909,0.2,0.2,0.0363636363636364,0.818181818181818,0.490909090909091,0.109090909090909,0.181818181818182,0.327272727272727,0,0.0909090909090909,1,0.0545454545454545,0.0181818181818182
"E113",185,-0.347979424691937,-0.593355958720706,-0.0685051094815828,0.978378378378378,0.454054054054054,0.654054054054054,0.513513513513513,0.0378378378378378,0.32972972972973,0.264864864864865,0.0378378378378378,0.875675675675676,0.864864864864865,0.243243243243243,0.859459459459459,0.464864864864865,0.108108108108108,0.443243243243243,0.864864864864865,0.162162162162162,0.778378378378378
"E114",177,0.532822543149418,-0.308569082055948,1.7038317711009,0.988700564971751,0.757062146892655,0.519774011299435,0.451977401129944,0.327683615819209,0.694915254237288,0.209039548022599,0.254237288135593,1,0.949152542372881,0.440677966101695,0.265536723163842,0.819209039548023,0.163841807909605,0.112994350282486,0.971751412429379,0.31638418079096,0.180790960451977
"E115",182,-0.710988575850843,1.33644832852931,-0.23962573848091,0.961538461538462,0.285714285714286,0.269230769230769,0.56043956043956,0.021978021978022,0.175824175824176,0.357142857142857,0.032967032967033,0.489010989010989,0.862637362637363,0.0549450549450549,0.510989010989011,0.021978021978022,0.0659340659340659,0.192307692307692,0.934065934065934,0.0384615384615385,0.0604395604395604
"E116",140,-0.198989137632404,-1.20646409452483,-1.34535086018725,0.628571428571429,0.235714285714286,0.271428571428571,0.128571428571429,0.05,0.0928571428571429,0.171428571428571,0.0285714285714286,0.792857142857143,0.585714285714286,0.107142857142857,0.0357142857142857,0.207142857142857,0.00714285714285714,0.271428571428571,0.9,0.657142857142857,0.292857142857143
"E117",200,-0.281373323518464,-1.40888180770124,-3.10181991425201,0.55,0.14,0.065,0.08,0.01,0.065,0.115,0.035,0.905,0.2,0.015,0.01,0.04,0.075,0.01,0.845,0.115,0.05
"E118",193,1.17092627520498,0.644424623754144,0.500360182796291,0.922279792746114,0.658031088082902,0.440414507772021,0.77720207253886,0.336787564766839,0.305699481865285,0.538860103626943,0.476683937823834,0.813471502590674,0.89119170984456,0.440414507772021,0.113989637305699,0.176165803108808,0.305699481865285,0.326424870466321,0.974093264248705,0.0932642487046632,0.0518134715025907
"E119",148,2.28873318592,-0.408867428984605,0.632644880551628,0.844594594594595,0.662162162162162,0.25,0.587837837837838,0.121621621621622,0.277027027027027,0.101351351351351,0.135135135135135,0.959459459459459,0.804054054054054,0.412162162162162,0.385135135135135,0.162162162162162,0.168918918918919,0.027027027027027,0.925675675675676,0.108108108108108,0.108108108108108
"E120",173,-1.06885661449908,-0.979236369824986,0.106743436333044,0.965317919075145,0.167630057803468,0.497109826589595,0.774566473988439,0.289017341040462,0.190751445086705,0.427745664739884,0.104046242774566,0.913294797687861,0.728323699421965,0.421965317919075,0.167630057803468,0.601156069364162,0.046242774566474,0.38728323699422,0.994219653179191,0.196531791907514,0.0289017341040462
"E121",159,1.90620418856242,-0.927231216419259,0.0248560851086476,0.880503144654088,0.132075471698113,0.811320754716981,0.213836477987421,0.106918238993711,0.283018867924528,0.364779874213836,0.276729559748428,0.666666666666667,0.937106918238994,0.20125786163522,0.660377358490566,0.377358490566038,0.0566037735849057,0.245283018867925,0.918238993710692,0.113207547169811,0.0125786163522013
"E122",37,2.13179771847887,0.79270411853512,0.830715759317164,0.972972972972973,0.405405405405405,0.567567567567568,0.594594594594595,0.135135135135135,0.162162162162162,0.351351351351351,0.0540540540540541,0.891891891891892,0.459459459459459,0.297297297297297,0.756756756756757,0.405405405405405,0.432432432432432,0.0810810810810811,1,0.486486486486487,0.0810810810810811
"E123",176,0.231456363015352,-0.68909903597529,-0.231205243062777,0.801136363636364,0.176136363636364,0.835227272727273,0.113636363636364,0.0852272727272727,0.0511363636363636,0.147727272727273,0.0340909090909091,0.585227272727273,0.920454545454545,0.0511363636363636,0.505681818181818,0.232954545454545,0.0284090909090909,0.210227272727273,0.948863636363636,0.181818181818182,0.306818181818182
"E124",65,0.896945737827196,-0.0416516404215562,0.642777612235856,0.861538461538462,0.630769230769231,0.476923076923077,0.723076923076923,0.138461538461538,0.476923076923077,0.646153846153846,0.276923076923077,0.846153846153846,0.969230769230769,0.815384615384615,0.169230769230769,0.261538461538462,0.0307692307692308,0.0615384615384615,0.953846153846154,0.0153846153846154,0.0923076923076923
"E125",138,-1.73879271235152,-0.785618777019648,-0.382501213378362,0.768115942028985,0.27536231884058,0.311594202898551,0.58695652173913,0.449275362318841,0.449275362318841,0.514492753623188,0.0289855072463768,0.942028985507246,0.753623188405797,0.608695652173913,0.398550724637681,0.231884057971014,0,0.0652173913043478,0.992753623188406,0.217391304347826,0.181159420289855
"E126",147,0.468847940135532,0.4344554586641,-0.277318450244872,0.931972789115646,0.0952380952380952,0.551020408163265,0.442176870748299,0.0748299319727891,0.0884353741496599,0.217687074829932,0.115646258503401,0.782312925170068,0.918367346938776,0.63265306122449,0.0816326530612245,0.238095238095238,0.17687074829932,0.27891156462585,0.965986394557823,0.170068027210884,0.149659863945578
"E127",161,-0.544147673197739,-0.665566901846607,-0.171484187517047,0.863354037267081,0.285714285714286,0.236024844720497,0.503105590062112,0.291925465838509,0.111801242236025,0.254658385093168,0.149068322981366,1,0.590062111801242,0.285714285714286,0.0434782608695652,0.142857142857143,0.0434782608695652,0.130434782608696,0.857142857142857,0.254658385093168,0.062111801242236
"E128",133,-0.165414153808447,0.449936130069846,0.373839704691742,0.947368421052632,0.406015037593985,0.488721804511278,0.541353383458647,0.233082706766917,0.533834586466165,0.353383458646617,0.571428571428571,0.827067669172932,0.736842105263158,0.150375939849624,0.0902255639097744,0.601503759398496,0.135338345864662,0.300751879699248,0.969924812030075,0.451127819548872,0.330827067669173
"E129",114,0.552166562572813,-0.548040463452155,0.118846072903155,0.973684210526316,0.745614035087719,0.780701754385965,0.342105263157895,0.0175438596491228,0.105263157894737,0.140350877192982,0.0526315789473684,0.912280701754386,0.763157894736842,0.210526315789474,0.570175438596491,0.429824561403509,0.131578947368421,0.0350877192982456,0.964912280701754,0.368421052631579,0.0964912280701754
"E130",98,1.0333302116035,1.85693691208123,2.19195731631085,0.908163265306122,0.73469387755102,0.918367346938776,0.642857142857143,0.612244897959184,0.510204081632653,0.479591836734694,0.0714285714285714,0.989795918367347,0.959183673469388,0.704081632653061,0.479591836734694,0.877551020408163,0.408163265306122,0.377551020408163,0.979591836734694,0.0408163265306122,0.224489795918367
"E131",168,-0.0461788047835456,0.40207812111575,-1.4373575878129,0.678571428571429,0.0535714285714286,0.244047619047619,0.202380952380952,0.0357142857142857,0.125,0.113095238095238,0,0.56547619047619,0.547619047619048,0.178571428571429,0.0952380952380952,0.297619047619048,0.0595238095238095,0.0357142857142857,0.994047619047619,0.351190476190476,0.345238095238095
"E132",139,2.63870731259579,-1.86460318556058,1.02957287565413,0.964028776978417,0.553956834532374,0.474820143884892,0.366906474820144,0.165467625899281,0.20863309352518,0.647482014388489,0.151079136690647,0.985611510791367,0.640287769784173,0.0863309352517986,0.402877697841727,0.525179856115108,0.0575539568345324,0.0935251798561151,0.964028776978417,0.330935251798561,0.179856115107914
"E133",63,0.589005749225018,1.37493052047263,1.71239399052006,0.984126984126984,0.317460317460317,0.682539682539683,0.920634920634921,0.746031746031746,0.0793650793650794,0.793650793650794,0.412698412698413,0.984126984126984,0.984126984126984,0.26984126984127,0.507936507936508,0.571428571428571,0.0317460317460317,0.142857142857143,0.746031746031746,0.650793650793651,0.920634920634921
"E134",82,-0.202377334229212,-0.0746035055403732,-1.18075079645091,0.75609756097561,0.292682926829268,0.524390243902439,0.329268292682927,0.0609756097560976,0.109756097560976,0.0975609756097561,0.0609756097560976,0.939024390243902,0.74390243902439,0.0975609756097561,0.0609756097560976,0.268292682926829,0.024390243902439,0,0.902439024390244,0.329268292682927,0.0731707317073171
"E135",40,0.441560138002382,0.22779389971164,0.370674448186037,0.75,0.175,0.7,0.4,0.15,0.6,0.05,0.2,0.425,0.95,0.175,0.85,0.25,0.225,0.175,0.925,0.1,0.05
"E136",130,-0.100257702082834,1.38865619323333,-0.467091029790131,0.753846153846154,0.653846153846154,0.630769230769231,0.338461538461538,0.0769230769230769,0.0846153846153846,0.346153846153846,0.0615384615384615,0.915384615384615,0.692307692307692,0.0384615384615385,0.2,0.115384615384615,0.0384615384615385,0.184615384615385,0.953846153846154,0.369230769230769,0.638461538461538
"E137",193,-1.09340399199111,0.405822127350406,-0.625510992738113,0.854922279792746,0.243523316062176,0.414507772020725,0.44559585492228,0.145077720207254,0.0466321243523316,0.16580310880829,0.139896373056995,0.83419689119171,0.989637305699482,0.33160621761658,0.378238341968912,0.134715025906736,0.0362694300518135,0.0310880829015544,0.948186528497409,0.606217616580311,0.704663212435233
"E138",197,0.50324733858265,2.56136759868205,1.00011207581365,0.964467005076142,0.583756345177665,0.695431472081218,0.807106598984772,0.116751269035533,0.609137055837564,0.314720812182741,0.309644670050761,0.959390862944162,0.974619289340102,0.467005076142132,0.426395939086294,0.517766497461929,0.213197969543147,0.147208121827411,0.969543147208122,0.116751269035533,0.269035532994924
"E139",112,0.949240091117635,-0.526334569793747,0.0778760493588725,0.928571428571429,0.357142857142857,0.517857142857143,0.4375,0.0535714285714286,0.473214285714286,0.1875,0.142857142857143,0.839285714285714,0.946428571428571,0.348214285714286,0.276785714285714,0.133928571428571,0.0178571428571429,0.116071428571429,0.928571428571429,0.125,0.241071428571429
"E140",160,0.382802056022312,0.352407393770692,1.95511904355626,0.975,0.225,0.79375,0.575,0.65625,0.48125,0.34375,0.3375,0.975,0.975,0.80625,0.625,0.1125,0.2,0.2,0.99375,0.44375,0.1625
"E141",189,0.371578210898053,0.475161141291331,0.212091573516173,0.915343915343915,0.582010582010582,0.798941798941799,0.560846560846561,0.158730158730159,0.301587301587302,0.137566137566138,0.0846560846560847,0.830687830687831,0.825396825396825,0.365079365079365,0.148148148148148,0.328042328042328,0.0423280423280423,0.132275132275132,0.91005291005291,0.264550264550265,0.349206349206349
"E142",68,0.157216401651425,0.791905108509305,-0.87213210461672,0.5,0.338235294117647,0.205882352941176,0.176470588235294,0.191176470588235,0.161764705882353,0.176470588235294,0.147058823529412,0.970588235294118,0.779411764705882,0,0.279411764705882,0.411764705882353,0.0441176470588235,0.0294117647058824,0.882352941176471,0.0882352941176471,0.367647058823529
"E143",110,0.847939889975375,0.831271029700769,-0.0653607028718268,0.972727272727273,0.145454545454545,0.581818181818182,0.509090909090909,0.236363636363636,0.209090909090909,0.0727272727272727,0.0818181818181818,0.9,0.736363636363636,0.354545454545455,0.654545454545455,0.281818181818182,0.0272727272727273,0.254545454545455,0.863636363636364,0.454545454545455,0.827272727272727
"E144",144,-1.28339265650518,0.548697929846243,-0.62579903714793,0.881944444444444,0.722222222222222,0.395833333333333,0.333333333333333,0.0416666666666667,0.118055555555556,0.284722222222222,0.0486111111111111,0.986111111111111,0.645833333333333,0.0555555555555556,0.861111111111111,0.368055555555556,0.0625,0.0277777777777778,0.993055555555556,0.236111111111111,0.381944444444444
"E145",75,1.1582786080896,-1.24227498092802,-0.298222742284839,0.92,0.213333333333333,0.453333333333333,0.506666666666667,0.24,0.12,0.56,0.16,0.88,0.346666666666667,0.613333333333333,0.4,0.466666666666667,0,0.226666666666667,1,0.24,0.0666666666666667
"E146",47,-0.909106213165988,-0.413370331843489,0.0522329070152992,0.893617021276596,0.25531914893617,0.468085106382979,0.361702127659574,0.0212765957446809,0.212765957446809,0.680851063829787,0.382978723404255,0.978723404255319,0.723404255319149,0.0638297872340425,0.0638297872340425,0.0638297872340425,0.0638297872340425,0,0.957446808510638,0.276595744680851,0.0851063829787234
"E147",50,0.334990705168581,0.0710386853613732,-0.438807806743028,0.68,0.32,0.78,0.38,0.06,0.04,0.18,0.14,0.94,0.42,0.12,0.18,0.34,0.06,0.04,0.84,0.08,0.2
"E148",172,0.775854081916407,-0.494271818071687,0.63658653014159,0.668604651162791,0.488372093023256,0.779069767441861,0.680232558139535,0.319767441860465,0.732558139534884,0.546511627906977,0.0755813953488372,0.953488372093023,0.674418604651163,0.25,0.802325581395349,0.906976744186046,0.215116279069767,0.0697674418604651,0.75,0.0697674418604651,0.284883720930233
"E149",55,0.237140152276008,0.322143267993693,-0.0905583018940254,0.890909090909091,0.363636363636364,0.727272727272727,0.618181818181818,0.163636363636364,0.290909090909091,0.272727272727273,0.0181818181818182,0.781818181818182,0.854545454545454,0.363636363636364,0.436363636363636,0.109090909090909,0.0545454545454545,0.0363636363636364,0.963636363636364,0.418181818181818,0.709090909090909
"E150",57,-1.5598701345872,-0.796429134375704,-1.85714370202849,0.859649122807018,0.12280701754386,0.105263157894737,0.280701754385965,0.0526315789473684,0.087719298245614,0.157894736842105,0.0175438596491228,0.508771929824561,0.666666666666667,0.0175438596491228,0.0350877192982456,0.140350877192982,0,0.0526315789473684,1,0.192982456140351,0.12280701754386
"E151",149,0.0243267511888821,0.907116281386659,0.22350269540559,0.966442953020134,0.738255033557047,0.724832214765101,0.711409395973154,0.154362416107383,0.161073825503356,0.0536912751677852,0.100671140939597,0.644295302013423,0.785234899328859,0.503355704697987,0.0536912751677852,0.664429530201342,0.322147651006711,0.0939597315436242,0.959731543624161,0.436241610738255,0.134228187919463
"E152",143,0.334635189158287,0.207539150347981,-0.349789180971552,0.846153846153846,0.538461538461538,0.601398601398601,0.223776223776224,0.111888111888112,0.13986013986014,0.0769230769230769,0.013986013986014,0.72027972027972,0.748251748251748,0.027972027972028,0.160839160839161,0.58041958041958,0.0559440559440559,0.356643356643357,0.965034965034965,0.0699300699300699,0.048951048951049
"E153",193,0.989410999147139,0.547842405004734,0.571989680003585,0.963730569948187,0.689119170984456,0.398963730569948,0.518134715025907,0.119170984455959,0.269430051813472,0.227979274611399,0.129533678756477,0.896373056994819,0.953367875647668,0.658031088082902,0.160621761658031,0.621761658031088,0.0984455958549223,0.129533678756477,0.854922279792746,0.476683937823834,0.207253886010363
"E154",95,0.500375113541597,-0.22169528429994,1.54391408948724,0.905263157894737,0.494736842105263,0.494736842105263,0.8,0.136842105263158,0.252631578947368,0.515789473684211,0.736842105263158,0.968421052631579,0.968421052631579,0.568421052631579,0.726315789473684,0.863157894736842,0.0105263157894737,0.115789473684211,0.905263157894737,0.505263157894737,0.526315789473684
"E155",175,0.576907865455451,-0.681797182178005,-0.0549897900144761,0.942857142857143,0.28,0.428571428571429,0.588571428571429,0.257142857142857,0.0914285714285714,0.125714285714286,0.0571428571428571,0.971428571428571,0.702857142857143,0.0971428571428571,0.165714285714286,0.474285714285714,0.102857142857143,0.04,0.977142857142857,0.302857142857143,0.148571428571429
"E156",128,1.14269094011911,1.45985706973908,0.759118365163765,0.8125,0.1171875,0.625,0.4453125,0.390625,0.078125,0.5703125,0.078125,0.9609375,0.78125,0.0859375,0.46875,0.328125,0.6875,0.078125,0.984375,0.34375,0.046875
"E157",131,-0.707447814422978,-0.862507887588664,-1.81339016192333,0.725190839694656,0.229007633587786,0.396946564885496,0.175572519083969,0.0229007633587786,0.0381679389312977,0.290076335877863,0.0534351145038168,0.847328244274809,0.366412213740458,0.16030534351145,0.251908396946565,0.083969465648855,0.0687022900763359,0.0152671755725191,0.580152671755725,0.282442748091603,0.0763358778625954
"E158",84,-0.618559640981128,-0.800383855157766,-0.295291454640507,0.904761904761905,0.107142857142857,0.202380952380952,0.619047619047619,0.0833333333333333,0.380952380952381,0.333333333333333,0.0476190476190476,0.869047619047619,0.547619047619048,0.0238095238095238,0.0595238095238095,0.25,0.19047619047619,0.238095238095238,0.94047619047619,0.654761904761905,0.166666666666667
"E159",141,-0.0083141961424557,-0.68514196580317,-0.36418557379975,0.843971631205674,0.588652482269504,0.780141843971631,0.666666666666667,0.0709219858156028,0.48936170212766,0.595744680851064,0.0851063829787234,0.808510638297872,0.702127659574468,0.25531914893617,0.0425531914893617,0.347517730496454,0.00709219858156028,0.0567375886524823,0.943262411347518,0.361702127659574,0.226950354609929
"E160",112,0.338919733952689,1.82132263410678,1.96089777089904,0.964285714285714,0.714285714285714,0.910714285714286,0.696428571428571,0.616071428571429,0.642857142857143,0.517857142857143,0.0535714285714286,0.973214285714286,0.982142857142857,0.669642857142857,0.6875,0.330357142857143,0.142857142857143,0.160714285714286,0.973214285714286,0.714285714285714,0.678571428571429
"E161",55,1.40540629884683,-0.104744220596189,-1.15555067132705,0.945454545454545,0.0363636363636364,0.272727272727273,0.145454545454545,0.0727272727272727,0.0181818181818182,0.0181818181818182,0.0545454545454545,0.8,0.909090909090909,0.0909090909090909,0.181818181818182,0.181818181818182,0.163636363636364,0,0.981818181818182,0.218181818181818,0.236363636363636
"E162",37,-0.865269852362635,1.11147452679476,-0.736682981746093,0.810810810810811,0.27027027027027,0.297297297297297,0.324324324324324,0.216216216216216,0.027027027027027,0.108108108108108,0.162162162162162,0.756756756756757,0.702702702702703,0.324324324324324,0.432432432432432,0.324324324324324,0.0810810810810811,0.0540540540540541,0.972972972972973,0.216216216216216,0.0810810810810811
"E163",149,-0.873953956620092,-1.02752209427414,-1.11746694323779,0.677852348993289,0.389261744966443,0.302013422818792,0.389261744966443,0.0604026845637584,0.302013422818792,0.25503355704698,0.0671140939597315,0.87248322147651,0.416107382550336,0.0268456375838926,0.295302013422819,0.208053691275168,0,0.0134228187919463,1,0.12751677852349,0.0402684563758389
"E164",43,0.7743182008249,-0.424123583125695,0.241701345627618,0.511627906976744,0.325581395348837,0.813953488372093,0.255813953488372,0.186046511627907,0.325581395348837,0.27906976744186,0.232558139534884,0.813953488372093,0.720930232558139,0.27906976744186,0.0232558139534884,0.116279069767442,0.186046511627907,0.232558139534884,0.883720930232558,0.325581395348837,0.0697674418604651
"E165",178,-0.401890241517252,-0.159149418177784,-0.744190620421595,0.893258426966292,0.207865168539326,0.651685393258427,0.337078651685393,0.0393258426966292,0.0224719101123595,0.292134831460674,0.0168539325842697,0.898876404494382,0.814606741573034,0.0898876404494382,0.0842696629213483,0.471910112359551,0,0.00561797752808989,0.865168539325843,0.230337078651685,0.404494382022472
"E166",177,-0.215137830535894,0.658170841972663,0.281755737694823,0.92090395480226,0.282485875706215,0.813559322033898,0.31638418079096,0.0395480225988701,0.711864406779661,0.367231638418079,0.271186440677966,0.949152542372881,0.819209039548023,0.124293785310734,0.570621468926554,0.632768361581921,0.0395480225988701,0.0338983050847458,0.757062146892655,0.169491525423729,0.0903954802259887
"E167",129,0.605256130514011,-0.303464556482093,2.29335267242732,0.961240310077519,0.790697674418605,0.89922480620155,0.883720930232558,0.906976744186046,0.550387596899225,0.27906976744186,0.271317829457364,1,0.976744186046512,0.496124031007752,0.705426356589147,0.612403100775194,0.356589147286822,0.0697674418604651,0.961240310077519,0.410852713178295,0.263565891472868
"E168",183,-0.614567683647475,0.696562801882666,-0.371687974142835,0.781420765027322,0.349726775956284,0.420765027322404,0.39344262295082,0.0382513661202186,0.131147540983607,0.562841530054645,0.256830601092896,0.66120218579235,0.513661202185792,0.0710382513661202,0.590163934426229,0.316939890710383,0.0601092896174863,0.185792349726776,0.923497267759563,0.273224043715847,0.224043715846995
"E169",147,-0.724422931424412,0.112772261493095,-0.170008842999535,0.959183673469388,0.292517006802721,0.496598639455782,0.394557823129252,0.156462585034014,0.238095238095238,0.503401360544218,0.306122448979592,0.918367346938776,0.530612244897959,0.0884353741496599,0.517006802721088,0.319727891156463,0.585034013605442,0.0476190476190476,0.959183673469388,0.204081632653061,0.142857142857143
"E170",96,-0.256942637181777,0.180256561398902,-0.690807126716035,0.645833333333333,0.5,0.552083333333333,0.59375,0.229166666666667,0.104166666666667,0.09375,0.0520833333333333,0.916666666666667,0.927083333333333,0.270833333333333,0.270833333333333,0.0416666666666667,0.0625,0.09375,0.885416666666667,0.447916666666667,0.125
"E171",44,-0.392072736349559,2.1212044307174,1.41762314848783,1,0.590909090909091,0.659090909090909,0.840909090909091,0.636363636363636,0.25,0.613636363636364,0.204545454545455,0.954545454545455,0.568181818181818,0.113636363636364,0.795454545454545,0.5,0.113636363636364,0.113636363636364,0.931818181818182,0.863636363636364,0.25
"E172",36,-0.686701961744657,-0.67724515768195,-1.54507312288864,0.638888888888889,0,0.444444444444444,0.111111111111111,0.0555555555555556,0,0.0833333333333333,0.0833333333333333,0.777777777777778,0.694444444444444,0.25,0.0277777777777778,0.0277777777777778,0.166666666666667,0.111111111111111,0.944444444444444,0.277777777777778,0.138888888888889
"E173",89,0.875840340130818,0.975279636884236,0.273746361094323,0.966292134831461,0.235955056179775,0.325842696629214,0.382022471910112,0.134831460674157,0.247191011235955,0.213483146067416,0.247191011235955,0.752808988764045,0.853932584269663,0.191011235955056,0.528089887640449,0.393258426966292,0.134831460674157,0.0112359550561798,0.98876404494382,0.224719101123595,0.438202247191011
"E174",65,-0.481057986042492,1.09733861872641,0.366732926443413,0.969230769230769,0.2,0.584615384615385,0.0769230769230769,0.0615384615384615,0.0153846153846154,0.292307692307692,0.246153846153846,0.892307692307692,0.907692307692308,0.107692307692308,0.553846153846154,0.692307692307692,0.323076923076923,0.276923076923077,0.984615384615385,0.138461538461538,0.153846153846154
"E175",158,0.0683575908680962,1.66738580380783,1.27222716002338,0.816455696202532,0.177215189873418,0.746835443037975,0.607594936708861,0.246835443037975,0.367088607594937,0.651898734177215,0.10126582278481,0.968354430379747,0.949367088607595,0.80379746835443,0.240506329113924,0.658227848101266,0.183544303797468,0.411392405063291,0.924050632911392,0.221518987341772,0.582278481012658
"E176",83,0.137024892815848,0.324119853477316,0.371309324621258,0.975903614457831,0.698795180722892,0.518072289156627,0.602409638554217,0.204819277108434,0.313253012048193,0.373493975903614,0.265060240963855,0.879518072289157,0.566265060240964,0.253012048192771,0.614457831325301,0.108433734939759,0.0240963855421687,0.0240963855421687,0.397590361445783,0.734939759036145,0.216867469879518
"E177",30,-1.85876851887058,0.250784954668287,-0.110017135783617,0.933333333333333,0.366666666666667,0.533333333333333,0.133333333333333,0.366666666666667,0.1,0.133333333333333,0.666666666666667,0.8,0.866666666666667,0.466666666666667,0.3,0.433333333333333,0.0666666666666667,0.0666666666666667,0.9,0.5,0.433333333333333
"E178",123,0.34627657136052,0.153309143680586,-1.02672935045781,0.853658536585366,0.617886178861789,0.617886178861789,0.544715447154472,0.032520325203252,0.0487804878048781,0.365853658536585,0.024390243902439,0.650406504065041,0.268292682926829,0.170731707317073,0.626016260162602,0.560975609756098,0.0894308943089431,0.016260162601626,1,0.0731707317073171,0
"E179",95,1.50163381994693,0.715229305996022,0.315802913637317,0.894736842105263,0.526315789473684,0.663157894736842,0.589473684210526,0.115789473684211,0.252631578947368,0.221052631578947,0.0315789473684211,0.821052631578947,0.294736842105263,0.484210526315789,0.621052631578947,0.231578947368421,0.0315789473684211,0.0210526315789474,0.747368421052632,0.242105263157895,0.347368421052632
"E180",164,-0.0137381203294002,0.610541619161322,0.0988182558436043,0.932926829268293,0.134146341463415,0.463414634146341,0.798780487804878,0.317073170731707,0.0182926829268293,0.75,0.0792682926829268,0.963414634146341,0.652439024390244,0.713414634146341,0.0609756097560976,0.109756097560976,0.0365853658536585,0.182926829268293,0.98780487804878,0.128048780487805,0.134146341463415
"E181",105,-0.77524519751103,-0.281816891217829,0.5162471916918,0.723809523809524,0.619047619047619,0.761904761904762,0.895238095238095,0.304761904761905,0.79047619047619,0.704761904761905,0.161904761904762,0.742857142857143,0.952380952380952,0.523809523809524,0.323809523809524,0.2,0.019047619047619,0.0666666666666667,0.961904761904762,0.161904761904762,0.466666666666667
"E182",111,1.3111581356762,0.885998134265093,0.777222285641859,0.873873873873874,0.0630630630630631,0.81981981981982,0.945945945945946,0.189189189189189,0.342342342342342,0.441441441441441,0.0810810810810811,0.990990990990991,0.90990990990991,0.756756756756757,0.684684684684685,0.837837837837838,0.135135135135135,0.0540540540540541,0.945945945945946,0.288288288288288,0.0990990990990991
"E183",197,0.260524556554842,0.594126927122837,0.0680395600901922,0.959390862944162,0.157360406091371,0.532994923857868,0.725888324873096,0.218274111675127,0.0558375634517767,0.208121827411168,0.152284263959391,0.954314720812183,0.847715736040609,0.116751269035533,0.203045685279188,0.385786802030457,0.106598984771574,0.0812182741116751,0.923857868020305,0.157360406091371,0.482233502538071
"E184",161,1.01401700762575,0.700118281593645,0.683642619229919,0.956521739130435,0.273291925465839,0.372670807453416,0.552795031055901,0.15527950310559,0.708074534161491,0.540372670807453,0.105590062111801,0.981366459627329,0.919254658385093,0.751552795031056,0.335403726708075,0.546583850931677,0.124223602484472,0.136645962732919,0.956521739130435,0.130434782608696,0.0124223602484472
"E185",48,0.215594208474653,2.81491279503349,-0.011129301962941,0.833333333333333,0.229166666666667,0.541666666666667,0.645833333333333,0.145833333333333,0.145833333333333,0.166666666666667,0.0208333333333333,0.895833333333333,0.479166666666667,0.4375,0.5,0.3125,0,0,0.958333333333333,0.0208333333333333,0.0208333333333333
"E186",189,0.613404626091988,0.277078099153463,-0.901631080502061,0.682539682539683,0.100529100529101,0.507936507936508,0.396825396825397,0.238095238095238,0.0317460317460317,0.0793650793650794,0.00529100529100529,0.365079365079365,0.275132275132275,0.185185185185185,0.0476190476190476,0.216931216931217,0.0423280423280423,0.44973544973545,0.994708994708995,0.100529100529101,0.227513227513228
"E187",89,1.44598848106203,-0.513741244477688,0.795884361367554,0.932584269662921,0.280898876404494,0.640449438202247,0.438202247191011,0.460674157303371,0.191011235955056,0.808988764044944,0.269662921348315,0.775280898876405,0.460674157303371,0.932584269662921,0.741573033707865,0.539325842696629,0.191011235955056,0.50561797752809,0.910112359550562,0.426966292134831,0.235955056179775
"E188",35,0.658085900745181,0.422214152789072,-0.396088028862814,0.828571428571429,0.485714285714286,0.685714285714286,0.371428571428571,0.0857142857142857,0,0.0857142857142857,0.171428571428571,0.828571428571429,0.8,0.514285714285714,0.114285714285714,0.142857142857143,0.142857142857143,0.0285714285714286,0.942857142857143,0.228571428571429,0.114285714285714
"E189",131,0.375234496491491,-0.265564340886777,0.320890796570895,0.885496183206107,0.320610687022901,0.49618320610687,0.351145038167939,0.320610687022901,0.236641221374046,0.33587786259542,0.137404580152672,0.969465648854962,0.694656488549618,0.267175572519084,0.351145038167939,0.175572519083969,0.00763358778625954,0.625954198473282,0.977099236641221,0.885496183206107,0.778625954198473
"E190",157,-0.674688275938179,-0.770354222150151,-1.60488027676431,0.942675159235669,0.305732484076433,0.471337579617834,0.089171974522293,0.0573248407643312,0.0573248407643312,0.0191082802547771,0.0445859872611465,0.802547770700637,0.78343949044586,0.0318471337579618,0.133757961783439,0.0318471337579618,0.114649681528662,0,0.929936305732484,0.152866242038217,0.0254777070063694
"E191",32,0.580480573296274,-0.376500645612233,-0.515879957351355,0.84375,0.1875,0.28125,0.25,0.03125,0.5,0.1875,0.03125,0.8125,0.5,0.5625,0.21875,0.28125,0,0.15625,1,0.15625,0.25
"E192",196,-0.414229332226612,0.110222930784873,-0.0805646680605958,0.903061224489796,0.260204081632653,0.637755102040816,0.75,0.0612244897959184,0.137755102040816,0.270408163265306,0.107142857142857,0.897959183673469,0.862244897959184,0.25,0.0816326530612245,0.698979591836735,0.372448979591837,0.0816326530612245,0.969387755102041,0.760204081632653,0.306122448979592
"E193",134,2.18050398539242,0.972561427059444,0.178178106127084,0.828358208955224,0.291044776119403,0.604477611940298,0.141791044776119,0.261194029850746,0.164179104477612,0.305970149253731,0.208955223880597,0.932835820895522,0.917910447761194,0.164179104477612,0.611940298507463,0.082089552238806,0.104477611940299,0.0149253731343284,0.962686567164179,0.126865671641791,0.0447761194029851
"E194",74,0.342857643650257,0.356994016994474,0.103127443633138,0.716216216216216,0.22972972972973,0.608108108108108,0.459459459459459,0.0135135135135135,0.256756756756757,0.486486486486487,0.283783783783784,1,0.932432432432432,0.135135135135135,0.364864864864865,0.675675675675676,0.027027027027027,0.121621621621622,0.810810810810811,0.472972972972973,0.540540540540541
"E195",161,-0.798024661907156,-0.824167316178698,-0.367059396877136,0.602484472049689,0.260869565217391,0.422360248447205,0.409937888198758,0.354037267080745,0.105590062111801,0.062111801242236,0.0434782608695652,0.925465838509317,0.826086956521739,0.204968944099379,0.335403726708075,0.136645962732919,0.0248447204968944,0.031055900621118,0.906832298136646,0.198757763975155,0.173913043478261
"E196",104,1.64103616625365,-0.155630678991287,1.99993534205211,0.980769230769231,0.721153846153846,0.980769230769231,0.721153846153846,0.144230769230769,0.663461538461538,0.769230769230769,0.605769230769231,0.980769230769231,0.807692307692308,0.903846153846154,0.298076923076923,0.865384615384615,0.211538461538462,0.153846153846154,0.942307692307692,0.894230769230769,0.394230769230769
"E197",146,-0.460005111651252,-1.52971660161298,-1.21583080504671,0.678082191780822,0.0821917808219178,0.554794520547945,0.73972602739726,0.253424657534247,0.0753424657534247,0.226027397260274,0.136986301369863,0.945205479452055,0.226027397260274,0.321917808219178,0.0753424657534247,0.561643835616438,0.23972602739726,0.123287671232877,0.801369863013699,0.458904109589041,0.445205479452055
"E198",122,-1.58647098860618,-0.202227510837209,-0.306500931988209,0.852459016393443,0.229508196721311,0.131147540983607,0.418032786885246,0.254098360655738,0.245901639344262,0.39344262295082,0.0983606557377049,0.737704918032787,0.885245901639344,0.0983606557377049,0.409836065573771,0.147540983606557,0,0.131147540983607,0.967213114754098,0.0245901639344262,0.0573770491803279
"E199",78,-1.04491567407179,-1.31151722791159,-0.201409469950135,0.923076923076923,0.423076923076923,0.628205128205128,0.461538461538462,0.153846153846154,0.115384615384615,0.474358974358974,0.269230769230769,1,0.730769230769231,0.91025641025641,0.320512820512821,0.576923076923077,0.282051282051282,0.384615384615385,0.974358974358974,0.397435897435897,0.256410256410256
"E200",165,0.0416536658857592,-1.39007893871245,1.61958379430696,0.975757575757576,0.636363636363636,0.909090909090909,0.787878787878788,0.139393939393939,0.175757575757576,0.290909090909091,0.266666666666667,0.975757575757576,0.806060606060606,0.345454545454545,0.345454545454545,0.393939393939394,0.509090909090909,0.0727272727272727,0.927272727272727,0.648484848484848,0.581818181818182
"E201",34,-0.43202637747734,0.962138141645872,1.6491848725868,0.970588235294118,0.676470588235294,0.882352941176471,0.117647058823529,0.0882352941176471,0.647058823529412,0.235294117647059,0.382352941176471,0.941176470588235,0.911764705882353,0.0882352941176471,0.558823529411765,0.852941176470588,0.323529411764706,0.235294117647059,0.970588235294118,0.764705882352941,0.794117647058823
"E202",52,0.458591147686799,-0.17813477901026,0.909745446616551,0.961538461538462,0.711538461538462,0.769230769230769,0.884615384615385,0.288461538461538,0.192307692307692,0.403846153846154,0.230769230769231,0.942307692307692,0.807692307692308,0.538461538461538,0.711538461538462,0.384615384615385,0.153846153846154,0.0576923076923077,0.980769230769231,0.115384615384615,0.0192307692307692
"E203",83,-0.229351986059321,0.00328960117506923,1.06141787013022,1,0.867469879518072,0.409638554216867,0.36144578313253,0.614457831325301,0.156626506024096,0.349397590361446,0.518072289156627,1,0.614457831325301,0.180722891566265,0.506024096385542,0.409638554216867,0.301204819277108,0.349397590361446,0.987951807228916,0.144578313253012,0.0602409638554217
"E204",162,-1.85696220984083,0.511615165517015,-0.891800508495937,0.734567901234568,0.0740740740740741,0.0185185185185185,0.259259259259259,0.0925925925925926,0.179012345679012,0.271604938271605,0.0740740740740741,0.882716049382716,0.765432098765432,0.623456790123457,0.166666666666667,0.172839506172839,0.0308641975308642,0.0246913580246914,0.919753086419753,0.561728395061728,0.203703703703704
"E205",36,-0.289674172981153,-0.456060688239042,0.667191358093075,0.916666666666667,0.222222222222222,0.694444444444444,0.5,0.0833333333333333,0.361111111111111,0.638888888888889,0.194444444444444,0.777777777777778,0.472222222222222,0.166666666666667,0.416666666666667,0.5,0,0.222222222222222,0.916666666666667,0.416666666666667,0.416666666666667
"E206",126,1.76714123786919,-0.21090411916793,0.106689021147433,0.904761904761905,0.317460317460317,0.69047619047619,0.452380952380952,0.142857142857143,0.142857142857143,0.293650793650794,0.0396825396825397,0.96031746031746,0.5,0.182539682539683,0.0873015873015873,0.158730158730159,0.00793650793650794,0.0555555555555556,0.976190476190476,0.301587301587302,0.285714285714286
"E207",174,-0.442682897300816,-0.572554868573356,0.218937660107666,0.775862068965517,0.597701149425287,0.551724137931034,0.166666666666667,0.0229885057471264,0.0747126436781609,0.0862068965517241,0.114942528735632,0.982758620689655,0.632183908045977,0.149425287356322,0.281609195402299,0.304597701149425,0.028735632183908,0.655172413793103,0.994252873563218,0.511494252873563,0.344827586206897
"E208",50,-0.588864402001567,-0.353336222838735,-0.240214425975428,0.98,0.22,0.12,0.26,0.12,0.22,0.48,0.12,0.94,1,0.26,0.2,0.7,0.04,0.22,0.96,0.12,0.02
"E209",66,-0.120588258352901,-1.0496560241288,-0.803599450616317,0.787878787878788,0.257575757575758,0.424242424242424,0.560606060606061,0.106060606060606,0.212121212121212,0.121212121212121,0.0454545454545455,1,0.742424242424242,0.393939393939394,0.0151515151515152,0.136363636363636,0.151515151515152,0.181818181818182,1,0.515151515151515,0.287878787878788
"E210",176,1.65306128186181,0.7883855209797,1.25111991072396,0.948863636363636,0.340909090909091,0.505681818181818,0.715909090909091,0.0511363636363636,0.75,0.272727272727273,0.125,1,0.954545454545455,0.306818181818182,0.420454545454545,0.647727272727273,0.00568181818181818,0.0681818181818182,0.960227272727273,0.25,0.323863636363636
"E211",150,-0.871354568629743,0.619231580144126,0.578588362985555,0.873333333333333,0.326666666666667,0.386666666666667,0.566666666666667,0.26,0.14,0.446666666666667,0.6,0.626666666666667,0.82,0.0666666666666667,0.313333333333333,0.893333333333333,0.0133333333333333,0.273333333333333,0.986666666666667,0.246666666666667,0.0733333333333333
"E212",132,0.780668270857782,-0.785768492164587,0.624074776150501,0.856060606060606,0.598484848484849,0.795454545454545,0.666666666666667,0.0984848484848485,0.212121212121212,0.242424242424242,0.151515151515152,0.984848484848485,0.689393939393939,0.53030303030303,0.181818181818182,0.21969696969697,0.0303030303030303,0.0833333333333333,0.916666666666667,0.568181818181818,0.0984848484848485
"E213",67,-0.613877869318662,1.78160405193807,-0.671129066263535,0.985074626865672,0.0149253731343284,0.507462686567164,0.238805970149254,0.0447761194029851,0.164179104477612,0.0447761194029851,0.0597014925373134,0.626865671641791,0.298507462686567,0.552238805970149,0.223880597014925,0.104477611940299,0.0447761194029851,0,0.985074626865672,0.149253731343284,0.134328358208955
"E214",194,-0.327591311306049,-0.249928557425748,-1.58800342087061,0.835051546391753,0.164948453608247,0.345360824742268,0.0876288659793814,0.0360824742268041,0.15979381443299,0.0463917525773196,0,0.479381443298969,0.252577319587629,0.0463917525773196,0.304123711340206,0.268041237113402,0.0257731958762887,0.118556701030928,0.752577319587629,0.190721649484536,0.448453608247423
"E215",76,-0.355216015901553,-0.301097396588297,-0.41724855393732,0.881578947368421,0.328947368421053,0.434210526315789,0.0789473684210526,0.0657894736842105,0.105263157894737,0.0526315789473684,0.0131578947368421,0.407894736842105,0.776315789473684,0.157894736842105,0.434210526315789,0.328947368421053,0.0263157894736842,0.0526315789473684,0.960526315789474,0.447368421052632,0.460526315789474
"E216",156,0.78093407436684,-1.49933210991998,-1.19378616809631,0.91025641025641,0.608974358974359,0.173076923076923,0.480769230769231,0.0384615384615385,0.243589743589744,0.141025641025641,0.0961538461538462,0.358974358974359,0.448717948717949,0.173076923076923,0.211538461538462,0.121794871794872,0.0128205128205128,0.147435897435897,0.923076923076923,0.173076923076923,0.301282051282051
"E217",109,0.608670171785426,0.0342053478098827,0.262532234031451,0.954128440366973,0.357798165137615,0.788990825688073,0.376146788990826,0.055045871559633,0.137614678899083,0.220183486238532,0.0458715596330275,0.853211009174312,0.697247706422018,0.275229357798165,0.422018348623853,0.293577981651376,0.00917431192660551,0.174311926605505,0.862385321100917,0.724770642201835,0.357798165137615
"E218",117,1.07617901747348,-0.911047222176761,0.141161116670227,0.94017094017094,0.376068376068376,0.418803418803419,0.452991452991453,0.333333333333333,0.572649572649573,0.170940170940171,0.094017094017094,0.709401709401709,0.914529914529915,0.683760683760684,0.658119658119658,0.623931623931624,0.0598290598290598,0.102564102564103,0.863247863247863,0.0598290598290598,0.0427350427350427
"E219",151,1.06555765231322,0.351385587315867,0.0979654837550202,0.880794701986755,0.291390728476821,0.562913907284768,0.218543046357616,0.165562913907285,0.158940397350993,0.271523178807947,0.0728476821192053,0.980132450331126,0.907284768211921,0.311258278145695,0.139072847682119,0.172185430463576,0.165562913907285,0.112582781456954,0.980132450331126,0.47682119205298,0.370860927152318
"E220",137,2.16164641282926,0.195414362215204,-0.532030120942896,0.970802919708029,0.715328467153285,0.656934306569343,0.102189781021898,0.0875912408759124,0.0510948905109489,0.277372262773723,0.072992700729927,0.868613138686131,0.226277372262774,0.072992700729927,0.291970802919708,0.481751824817518,0.0437956204379562,0.0583941605839416,0.627737226277372,0.175182481751825,0.0510948905109489
"E221",132,0.0704564820522911,0.859629926713806,-0.106476272701897,0.681818181818182,0.46969696969697,0.492424242424242,0.522727272727273,0.0303030303030303,0.265151515151515,0.121212121212121,0.212121212121212,0.772727272727273,0.310606060606061,0.28030303030303,0.318181818181818,0.204545454545455,0.0984848484848485,0.212121212121212,0.962121212121212,0.325757575757576,0.378787878787879
"E222",94,-2.53522521959317,-0.674155138589608,-1.58967404323294,0.840425531914894,0.212765957446809,0.25531914893617,0.180851063829787,0.0319148936170213,0.0638297872340425,0.382978723404255,0.148936170212766,0.882978723404255,0.468085106382979,0.276595744680851,0.170212765957447,0.0212765957446809,0.0106382978723404,0.0531914893617021,0.968085106382979,0.0851063829787234,0.180851063829787
"E223",54,-0.541334144723391,-1.66258565149713,-2.15375648464162,0.62962962962963,0.222222222222222,0.12962962962963,0.0185185185185185,0.037037037037037,0.0185185185185185,0.296296296296296,0.0185185185185185,0.87037037037037,0.537037037037037,0.222222222222222,0.111111111111111,0.037037037037037,0,0,0.833333333333333,0.62962962962963,0.481481481481481
"E224",151,-0.775939573541146,0.390045780841936,0.323383173526956,0.927152317880795,0.119205298013245,0.622516556291391,0.854304635761589,0.291390728476821,0.350993377483444,0.158940397350993,0.132450331125828,0.701986754966887,0.788079470198676,0.198675496688742,0.0860927152317881,0.317880794701987,0.0132450331125828,0.178807947019868,0.920529801324503,0.364238410596026,0.516556291390728
"E225",30,-0.295955418239763,0.441365682409681,-0.130133732314343,0.966666666666667,0.133333333333333,0.166666666666667,0.433333333333333,0.0666666666666667,0.2,0.266666666666667,0.1,0.7,0.766666666666667,0.3,0.566666666666667,0.366666666666667,0,0.0666666666666667,1,0.7,0.433333333333333
"E226",126,1.15137290542338,1.28396592434211,0.893842530671599,0.968253968253968,0.333333333333333,0.96031746031746,0.5,0.285714285714286,0.214285714285714,0.182539682539683,0.642857142857143,0.920634920634921,0.896825396825397,0.738095238095238,0.26984126984127,0.706349206349206,0.301587301587302,0.0158730158730159,0.992063492063492,0.261904761904762,0.634920634920635
"E227",31,-0.568887867531516,-0.163185801701405,0.241144375766587,0.967741935483871,0.516129032258065,0.67741935483871,0.483870967741935,0.193548387096774,0.032258064516129,0.387096774193548,0,1,0.935483870967742,0.612903225806452,0.32258064516129,0.32258064516129,0.032258064516129,0.32258064516129,0.806451612903226,0.129032258064516,0.258064516129032
"E228",91,-0.805786340025032,0.499569043121688,0.832863307202591,0.835164835164835,0.417582417582418,0.857142857142857,0.593406593406593,0.494505494505495,0.175824175824176,0.417582417582418,0.153846153846154,0.769230769230769,0.89010989010989,0.582417582417582,0.10989010989011,0.527472527472527,0.10989010989011,0.10989010989011,0.879120879120879,0.0989010989010989,0.252747252747253
"E229",105,0.492593861841638,0.460144067064487,-0.798150775930002,0.866666666666667,0.0571428571428571,0.523809523809524,0.171428571428571,0.0857142857142857,0.0952380952380952,0.180952380952381,0.019047619047619,0.990476190476191,0.523809523809524,0.0476190476190476,0.0571428571428571,0.0476190476190476,0.295238095238095,0.647619047619048,0.771428571428571,0.0761904761904762,0.019047619047619
"E230",140,0.700758337332243,-0.476282040022087,2.15338603964923,1,0.835714285714286,0.721428571428571,0.942857142857143,0.478571428571429,0.585714285714286,0.628571428571429,0.65,0.857142857142857,0.885714285714286,0.428571428571429,0.685714285714286,0.528571428571429,0.242857142857143,0.414285714285714,0.957142857142857,0.228571428571429,0.364285714285714
"E231",155,-0.243125291550084,-1.55664239038557,-1.14781570316407,0.548387096774194,0.0838709677419355,0.748387096774194,0.154838709677419,0.0129032258064516,0.0709677419354839,0.180645161290323,0.0451612903225806,0.858064516129032,0.774193548387097,0.0709677419354839,0.0645161290322581,0.0774193548387097,0.0193548387096774,0.0387096774193548,0.967741935483871,0.458064516129032,0.509677419354839
"E232",59,0.412481176922476,-0.689022539113182,0.0358570229237524,0.932203389830508,0.355932203389831,0.423728813559322,0.830508474576271,0.0847457627118644,0.169491525423729,0.0508474576271186,0.0508474576271186,0.949152542372881,0.593220338983051,0.135593220338983,0.0508474576271186,0.11864406779661,0.0169491525423729,0.0677966101694915,0.677966101694915,0.322033898305085,0.338983050847458
"E233",75,0.498165309358799,0.148407389086632,0.716944494595704,0.933333333333333,0.453333333333333,0.706666666666667,0.666666666666667,0.213333333333333,0.226666666666667,0.573333333333333,0.253333333333333,0.866666666666667,0.88,0.506666666666667,0.866666666666667,0.253333333333333,0.0533333333333333,0.0533333333333333,0.986666666666667,0.426666666666667,0.106666666666667
"E234",57,0.367679114623033,0.135429490904212,-0.223855712695573,0.929824561403509,0.210526315789474,0.701754385964912,0.596491228070175,0.105263157894737,0.210526315789474,0.087719298245614,0.105263157894737,0.43859649122807,0.982456140350877,0.0350877192982456,0.157894736842105,0.491228070175439,0.0350877192982456,0.140350877192982,1,0.578947368421053,0.631578947368421
"E235",61,-0.5706028691897,-1.37234184047492,0.33348416307258,0.918032786885246,0.442622950819672,0.868852459016393,0.491803278688525,0.442622950819672,0.213114754098361,0.524590163934426,0.409836065573771,0.786885245901639,0.901639344262295,0.754098360655738,0.114754098360656,0.0491803278688525,0.0327868852459016,0.360655737704918,0.967213114754098,0.0819672131147541,0.524590163934426
"E236",78,0.738816517714368,-0.0931036773678838,-0.0116072191013487,0.948717948717949,0.58974358974359,0.705128205128205,0.474358974358974,0.0641025641025641,0.0384615384615385,0.397435897435897,0.102564102564103,0.987179487179487,0.897435897435897,0.371794871794872,0.346153846153846,0.0897435897435897,0.0256410256410256,0.435897435897436,0.948717948717949,0.384615384615385,0.166666666666667
"E237",31,-2.26829132566495,-1.11820793439463,-1.42347026244425,0.774193548387097,0.258064516129032,0.0645161290322581,0.0967741935483871,0,0.032258064516129,0.258064516129032,0,0.548387096774194,1,0.161290322580645,0.225806451612903,0.32258064516129,0,0.0967741935483871,1,0,0.032258064516129
"E238",90,0.614041040052466,0.744827357549737,2.55898407466834,0.988888888888889,0.733333333333333,0.855555555555556,0.722222222222222,0.322222222222222,0.6,0.677777777777778,0.422222222222222,0.988888888888889,0.766666666666667,0.788888888888889,0.0666666666666667,0.722222222222222,0.0111111111111111,0.5,0.944444444444444,0.444444444444444,0.422222222222222
"E239",73,0.40363580599992,0.0776825859578852,0.223477800680828,0.945205479452055,0.424657534246575,0.465753424657534,0.534246575342466,0.287671232876712,0.342465753424658,0.684931506849315,0.191780821917808,0.712328767123288,0.835616438356164,0.136986301369863,0.657534246575342,0.342465753424658,0.36986301369863,0.150684931506849,1,0.150684931506849,0.273972602739726
"E240",104,2.05157932669931,-0.499928792474106,1.05263813959999,0.990384615384615,0.519230769230769,0.778846153846154,0.615384615384615,0.528846153846154,0.384615384615385,0.509615384615385,0.298076923076923,0.884615384615385,0.740384615384615,0.432692307692308,0.807692307692308,0.625,0.144230769230769,0.0673076923076923,0.875,0.144230769230769,0.134615384615385
"E241",134,0.263244987215003,0.611743478942702,-1.56093802104465,0.380597014925373,0.23134328358209,0.373134328358209,0.567164179104478,0.0597014925373134,0.0447761194029851,0.0597014925373134,0.0447761194029851,0.880597014925373,0.208955223880597,0.276119402985075,0.425373134328358,0.604477611940298,0.00746268656716418,0.216417910447761,0.701492537313433,0.156716417910448,0.164179104477612
"E242",153,0.110421189446662,-0.869034775516044,-0.0899026531948825,0.941176470588235,0.326797385620915,0.169934640522876,0.627450980392157,0.0915032679738562,0.0392156862745098,0.686274509803922,0.111111111111111,0.96078431372549,0.712418300653595,0.751633986928105,0.718954248366013,0.137254901960784,0.111111111111111,0.0457516339869281,0.882352941176471,0.594771241830065,0.339869281045752
"E243",92,1.1957636212874,1.16615799034312,0.841472893685954,0.978260869565217,0.282608695652174,0.793478260869565,0.717391304347826,0.0543478260869565,0.217391304347826,0.880434782608696,0.380434782608696,0.956521739130435,0.902173913043478,0.0217391304347826,0.0978260869565217,0.391304347826087,0.0108695652173913,0.326086956521739,0.956521739130435,0.434782608695652,0.445652173913043
"E244",105,0.733309513633103,-0.769731638856476,-1.24675645710384,0.676190476190476,0.161904761904762,0.695238095238095,0.314285714285714,0.0571428571428571,0.0857142857142857,0.257142857142857,0.0571428571428571,0.638095238095238,0.238095238095238,0.0952380952380952,0.304761904761905,0.114285714285714,0.00952380952380952,0.561904761904762,0.971428571428571,0.352380952380952,0.133333333333333
"E245",49,-0.00451169154164245,-1.80724436689568,-0.755312512974632,0.959183673469388,0.183673469387755,0.653061224489796,0.183673469387755,0.0408163265306122,0.0408163265306122,0.26530612244898,0.0408163265306122,0.530612244897959,0.979591836734694,0.510204081632653,0.142857142857143,0.224489795918367,0.0612244897959184,0.0204081632653061,0.918367346938776,0.510204081632653,0.591836734693878
"E246",90,-0.0212154995950339,-0.917465740651156,-1.06994266195992,0.588888888888889,0.155555555555556,0.488888888888889,0.3,0.0444444444444444,0.0111111111111111,0.333333333333333,0.0555555555555556,0.844444444444444,0.466666666666667,0.422222222222222,0.0222222222222222,0.266666666666667,0.266666666666667,0.0111111111111111,0.8,0.433333333333333,0.166666666666667
"E247",152,0.138501732981574,-0.356456664570957,-0.841123438798721,0.822368421052632,0.0657894736842105,0.631578947368421,0.111842105263158,0.0263157894736842,0.171052631578947,0.0723684210526316,0.0526315789473684,0.868421052631579,0.151315789473684,0.0460526315789474,0.0460526315789474,0.394736842105263,0.0263157894736842,0.0921052631578947,0.980263157894737,0.592105263157895,0.217105263157895
"E248",162,-1.07012706995328,-0.176553706785467,-0.545944490569124,0.759259259259259,0.308641975308642,0.530864197530864,0.580246913580247,0.111111111111111,0.104938271604938,0.123456790123457,0.12962962962963,0.839506172839506,0.302469135802469,0.462962962962963,0.290123456790123,0.197530864197531,0.0185185185185185,0.0740740740740741,0.888888888888889,0.327160493827161,0.604938271604938
"E249",31,1.23606206697686,-0.799311276346493,0.332823580838351,1,0.193548387096774,0.612903225806452,0.67741935483871,0.32258064516129,0.354838709677419,0.258064516129032,0.129032258064516,0.903225806451613,1,0.32258064516129,0.258064516129032,0,0.032258064516129,0.0645161290322581,0.967741935483871,0.32258064516129,0.67741935483871
"E250",131,-0.539810094735419,-0.392796425823479,-0.127993348873341,0.862595419847328,0.381679389312977,0.244274809160305,0.519083969465649,0.0610687022900763,0.129770992366412,0.0610687022900763,0.0305343511450382,0.969465648854962,0.656488549618321,0.099236641221374,0.679389312977099,0.366412213740458,0.236641221374046,0.099236641221374,0.938931297709924,0.435114503816794,0.442748091603053
"E251",179,-0.296228914656068,0.273725082324397,1.12764119087095,0.960893854748603,0.58659217877095,0.541899441340782,0.569832402234637,0.17877094972067,0.474860335195531,0.402234636871508,0.139664804469274,0.770949720670391,0.815642458100559,0.435754189944134,0.312849162011173,0.374301675977654,0.0893854748603352,0.0558659217877095,0.916201117318436,0.893854748603352,0.871508379888268
"E252",176,0.688218803349637,0.258141982501913,-0.102284658754921,0.681818181818182,0.375,0.494318181818182,0.653409090909091,0.488636363636364,0.215909090909091,0.255681818181818,0.0625,0.977272727272727,0.511363636363636,0.0625,0.255681818181818,0.278409090909091,0.113636363636364,0.107954545454545,0.852272727272727,0.102272727272727,0.278409090909091
"E253",38,-0.399007303727868,0.110412063687764,-0.123852160001718,0.763157894736842,0.421052631578947,0.578947368421053,0.421052631578947,0.157894736842105,0.289473684210526,0.236842105263158,0.0526315789473684,0.973684210526316,0.842105263157895,0.0526315789473684,0.605263157894737,0.184210526315789,0.157894736842105,0.0789473684210526,0.947368421052632,0.105263157894737,0.157894736842105
"E254",173,-0.103484852849487,-0.915161122522455,-0.121072466897801,0.635838150289017,0.358381502890173,0.664739884393064,0.635838150289017,0.0751445086705202,0.179190751445087,0.450867052023121,0.046242774566474,0.936416184971098,0.502890173410405,0.0751445086705202,0.0982658959537572,0.173410404624277,0.0578034682080925,0,0.994219653179191,0.190751445086705,0.115606936416185
"E255",188,1.52953404059542,0.212936649900559,1.36337935705409,0.936170212765957,0.531914893617021,0.946808510638298,0.835106382978723,0.478723404255319,0.111702127659574,0.888297872340426,0.25531914893617,0.962765957446808,0.978723404255319,0.856382978723404,0.0851063829787234,0.122340425531915,0.0585106382978723,0.781914893617021,0.99468085106383,0.563829787234043,0.340425531914894
"E256",35,-0.634636458448834,1.40333534124712,-0.819481143808473,0.942857142857143,0.457142857142857,0.371428571428571,0.285714285714286,0.0857142857142857,0.0285714285714286,0.114285714285714,0.114285714285714,0.771428571428571,1,0.142857142857143,0.0857142857142857,0,0,0.0285714285714286,0.542857142857143,0.171428571428571,0.342857142857143
"E257",109,-0.226854589097728,-0.808434808833702,-0.293318414759919,0.761467889908257,0.385321100917431,0.522935779816514,0.348623853211009,0.110091743119266,0.311926605504587,0.284403669724771,0.18348623853211,0.880733944954128,0.853211009174312,0.137614678899083,0.311926605504587,0.0825688073394495,0.018348623853211,0.018348623853211,0.972477064220184,0.155963302752294,0.0458715596330275
"E258",168,1.5010840927328,1.91953356242643,1.3092462515488,0.994047619047619,0.595238095238095,0.863095238095238,0.488095238095238,0.0654761904761905,0.0119047619047619,0.172619047619048,0.214285714285714,0.880952380952381,0.970238095238095,0.636904761904762,0.202380952380952,0.529761904761905,0.392857142857143,0.452380952380952,0.976190476190476,0.0952380952380952,0.208333333333333
"E259",39,-0.342463482378634,0.865668884307897,-0.999814865246364,0.897435897435897,0.102564102564103,0.384615384615385,0.307692307692308,0.0512820512820513,0.0256410256410256,0.307692307692308,0.0256410256410256,0.333333333333333,0.794871794871795,0.256410256410256,0.487179487179487,0.0256410256410256,0,0.435897435897436,0.923076923076923,0.205128205128205,0.102564102564103
"E260",148,-0.553727556011483,-1.2639077211064,-1.7550655778631,0.790540540540541,0.472972972972973,0.128378378378378,0.00675675675675676,0.0540540540540541,0.00675675675675676,0.310810810810811,0.168918918918919,0.932432432432432,0.452702702702703,0.0945945945945946,0.128378378378378,0.256756756756757,0.148648648648649,0.101351351351351,0.993243243243243,0.486486486486487,0.547297297297297
"E261",73,0.257626870698959,-0.956625877294363,0.905649696540532,1,0.465753424657534,0.821917808219178,0.424657534246575,0.232876712328767,0.232876712328767,0.493150684931507,0.246575342465753,0.958904109589041,0.904109589041096,0.0821917808219178,0.821917808219178,0.904109589041096,0.150684931506849,0.0410958904109589,0.945205479452055,0.356164383561644,0.575342465753425
"E262",85,0.613121758652457,-0.303370061193043,0.814882428927173,0.788235294117647,0.435294117647059,0.411764705882353,0.411764705882353,0.0235294117647059,0.352941176470588,0.623529411764706,0.0705882352941176,0.882352941176471,1,0.576470588235294,0.847058823529412,0.247058823529412,0.2,0.117647058823529,0.905882352941176,0.258823529411765,0.647058823529412
"E263",49,-0.652287366777574,-0.00220360490056386,-0.802341540238719,0.877551020408163,0.244897959183673,0.571428571428571,0.244897959183673,0.0408163265306122,0.122448979591837,0.0408163265306122,0.0612244897959184,0.612244897959184,0.469387755102041,0.0204081632653061,0.0816326530612245,0.0612244897959184,0,0.0612244897959184,1,0.142857142857143,0.142857142857143
"E264",60,-0.138281029086895,-0.913071354975655,-0.111559439321864,0.883333333333333,0.466666666666667,0.6,0.633333333333333,0.05,0.4,0.383333333333333,0.15,0.966666666666667,0.283333333333333,0.216666666666667,0.533333333333333,0.233333333333333,0,0.0166666666666667,0.983333333333333,0.516666666666667,0.216666666666667
"E265",143,-0.123638001869199,-0.649643176443167,-0.370683218281065,0.58041958041958,0.146853146853147,0.412587412587413,0.314685314685315,0.223776223776224,0.307692307692308,0.104895104895105,0.20979020979021,0.713286713286713,0.657342657342657,0.0839160839160839,0.195804195804196,0.797202797202797,0.0909090909090909,0.0769230769230769,0.678321678321678,0.125874125874126,0.293706293706294
"E266",124,-0.964705216383371,0.376311077588093,-0.941397787683812,0.556451612903226,0.0564516129032258,0.588709677419355,0.588709677419355,0.266129032258065,0.032258064516129,0.0483870967741935,0.169354838709677,0.403225806451613,0.354838709677419,0.145161290322581,0.161290322580645,0.362903225806452,0.0403225806451613,0.0241935483870968,0.967741935483871,0.306451612903226,0.0887096774193548
"E267",81,0.0190431840153162,0.2779963826487,0.81080836935716,0.888888888888889,0.160493827160494,0.975308641975309,0.419753086419753,0.209876543209877,0.209876543209877,0.901234567901235,0.308641975308642,0.975308641975309,0.641975308641975,0.296296296296296,0.987654320987654,0.567901234567901,0.0987654320987654,0.160493827160494,0.975308641975309,0.419753086419753,0.345679012345679
"E268",104,1.69169235319906,-0.754720890372454,-0.129848384100955,0.942307692307692,0.211538461538462,0.596153846153846,0.182692307692308,0.115384615384615,0.182692307692308,0.384615384615385,0.0961538461538462,0.923076923076923,0.740384615384615,0.365384615384615,0.586538461538462,0.557692307692308,0.0865384615384615,0.201923076923077,0.855769230769231,0.278846153846154,0.25
"E269",182,0.885809071474169,-0.473084717719469,0.334665991978438,0.945054945054945,0.159340659340659,0.587912087912088,0.32967032967033,0.307692307692308,0.0549450549450549,0.258241758241758,0.0494505494505494,0.879120879120879,0.686813186813187,0.362637362637363,0.175824175824176,0.181318681318681,0.032967032967033,0.10989010989011,1,0.302197802197802,0.395604395604396
"E270",69,-0.729930145482526,-0.91395042710506,-0.0594256636823399,0.869565217391304,0.652173913043478,0.652173913043478,0.159420289855072,0.101449275362319,0.318840579710145,0.463768115942029,0.115942028985507,0.768115942028985,0.971014492753623,0.579710144927536,0.449275362318841,0.101449275362319,0,0.072463768115942,0.985507246376812,0.478260869565217,0.36231884057971
"E271",62,0.351884683098013,-2.60329970942661,0.364101392302786,0.983870967741935,0.564516129032258,0.451612903225806,0.467741935483871,0.193548387096774,0.564516129032258,0.403225806451613,0.161290322580645,0.82258064516129,0.725806451612903,0.17741935483871,0.161290322580645,0.161290322580645,0.0483870967741935,0.370967741935484,1,0.387096774193548,0.129032258064516
"E272",143,-0.247330893260195,-0.593467498200933,-0.852970925514392,0.804195804195804,0.552447552447552,0.461538461538462,0.146853146853147,0.020979020979021,0.132867132867133,0.0979020979020979,0.181818181818182,0.944055944055944,0.804195804195804,0.468531468531469,0.167832167832168,0.153846153846154,0.013986013986014,0.426573426573427,0.916083916083916,0.272727272727273,0.356643356643357
"E273",157,-0.163591831723322,-0.638979894573173,0.901266314271887,0.942675159235669,0.535031847133758,0.713375796178344,0.515923566878981,0.0509554140127389,0.178343949044586,0.503184713375796,0.089171974522293,0.993630573248408,0.993630573248408,0.229299363057325,0.847133757961783,0.78343949044586,0.356687898089172,0.0382165605095541,0.968152866242038,0.401273885350318,0.605095541401274
"E274",135,0.872360560208246,-0.105916956315576,2.13268200753539,0.948148148148148,0.688888888888889,0.948148148148148,0.311111111111111,0.207407407407407,0.488888888888889,0.637037037037037,0.585185185185185,0.962962962962963,0.918518518518519,0.237037037037037,0.511111111111111,0.977777777777778,0.496296296296296,0.37037037037037,0.896296296296296,0.037037037037037,0.125925925925926
"E275",182,0.605938213883317,-0.980291154529057,0.0546628301876605,0.950549450549451,0.708791208791209,0.67032967032967,0.587912087912088,0.164835164835165,0.142857142857143,0.263736263736264,0.010989010989011,0.950549450549451,0.67032967032967,0.225274725274725,0.181318681318681,0.351648351648352,0,0.0164835164835165,0.884615384615385,0.521978021978022,0.291208791208791
"E276",133,0.927240812612819,0.476235459637523,-0.222155723069114,0.954887218045113,0.150375939849624,0.278195488721804,0.218045112781955,0.0075187969924812,0.195488721804511,0.62406015037594,0.135338345864662,0.849624060150376,0.909774436090226,0.481203007518797,0.180451127819549,0.661654135338346,0.0300751879699248,0.18796992481203,0.909774436090226,0.330827067669173,0.120300751879699
"E277",51,0.458044436651209,-1.41239128440147,-0.911638170733082,0.764705882352941,0.294117647058824,0.372549019607843,0.666666666666667,0.117647058823529,0.176470588235294,0.372549019607843,0.0392156862745098,0.901960784313726,0.705882352941177,0.0392156862745098,0.0980392156862745,0.0392156862745098,0.0392156862745098,0.0784313725490196,0.96078431372549,0.0588235294117647,0.137254901960784
"E278",148,-0.801114024214896,1.63100315238839,-0.309881397823681,0.844594594594595,0.310810810810811,0.824324324324324,0.385135135135135,0.0405405405405405,0.108108108108108,0.290540540540541,0.0135135135135135,0.912162162162162,0.72972972972973,0.148648648648649,0.52027027027027,0.567567567567568,0.209459459459459,0.0135135135135135,0.932432432432432,0.358108108108108,0.222972972972973
"E279",71,-0.497123152995539,-1.12798588227457,-0.0885814776653189,0.929577464788732,0.352112676056338,0.47887323943662,0.605633802816901,0.436619718309859,0.23943661971831,0.366197183098592,0.0704225352112676,0.563380281690141,0.591549295774648,0.535211267605634,0.47887323943662,0.169014084507042,0.0140845070422535,0.338028169014085,1,0.647887323943662,0.126760563380282
"E280",76,-1.21296781485439,0.438451089522611,0.838867211350403,0.934210526315789,0.407894736842105,0.631578947368421,0.302631578947368,0.0921052631578947,0.236842105263158,0.197368421052632,0.263157894736842,0.973684210526316,0.894736842105263,0.118421052631579,0.578947368421053,0.513157894736842,0,0.0526315789473684,0.947368421052632,0.565789473684211,0.552631578947368
"E281",197,0.619712599356425,1.90065023437915,0.838729206099857,0.954314720812183,0.395939086294416,0.83248730964467,0.725888324873096,0.213197969543147,0.746192893401015,0.406091370558376,0.208121827411168,0.944162436548223,0.873096446700508,0.680203045685279,0.370558375634518,0.385786802030457,0.248730964467005,0.213197969543147,0.949238578680203,0.319796954314721,0.583756345177665
"E282",119,1.3596632579562,-0.700760424199841,-0.40719203399461,0.882352941176471,0.226890756302521,0.411764705882353,0.773109243697479,0.126050420168067,0.092436974789916,0.428571428571429,0.0504201680672269,0.65546218487395,0.764705882352941,0.168067226890756,0.117647058823529,0.109243697478992,0.00840336134453781,0.00840336134453781,0.932773109243697,0.218487394957983,0.277310924369748
"E283",44,-1.6210647627138,-0.3717393835228,-1.20466087032296,0.863636363636364,0.522727272727273,0.681818181818182,0.522727272727273,0,0.0454545454545455,0.0227272727272727,0,0.931818181818182,0.704545454545455,0.0227272727272727,0.0454545454545455,0.159090909090909,0.0454545454545455,0.0681818181818182,1,0.0454545454545455,0.0681818181818182
"E284",151,0.0795594993555375,-0.678503248030561,0.824236492959109,0.966887417218543,0.549668874172185,0.71523178807947,0.66887417218543,0.178807947019868,0.205298013245033,0.317880794701987,0.0860927152317881,0.960264900662252,0.76158940397351,0.417218543046358,0.529801324503311,0.33112582781457,0.0198675496688742,0.178807947019868,0.960264900662252,0.350993377483444,0.344370860927152
"E285",114,0.512593137306753,0.101451284461551,-1.022480706423,0.517543859649123,0.412280701754386,0.5,0.368421052631579,0.087719298245614,0.0263157894736842,0.219298245614035,0.0614035087719298,0.868421052631579,0.587719298245614,0.166666666666667,0.12280701754386,0.412280701754386,0.149122807017544,0.0964912280701754,0.982456140350877,0.333333333333333,0.43859649122807
"E286",130,-0.21910193815088,0.553279834051488,0.0504450541065737,0.953846153846154,0.353846153846154,0.915384615384615,0.684615384615385,0.253846153846154,0.546153846153846,0.153846153846154,0.146153846153846,0.946153846153846,0.976923076923077,0.0615384615384615,0.246153846153846,0.161538461538462,0.0846153846153846,0.430769230769231,0.969230769230769,0.230769230769231,0.423076923076923
"E287",192,-0.82593869467054,-1.52222099582696,-1.31100385840163,0.854166666666667,0.427083333333333,0.614583333333333,0.104166666666667,0.0208333333333333,0.0416666666666667,0.104166666666667,0.0885416666666667,0.979166666666667,0.713541666666667,0.15625,0.479166666666667,0.0729166666666667,0.0104166666666667,0.140625,0.9375,0.145833333333333,0.0625
"E288",148,-1.01357824411184,-1.02154930182434,0.0375555323431891,0.97972972972973,0.662162162162162,0.75,0.22972972972973,0.162162162162162,0.0878378378378378,0.0810810810810811,0.0810810810810811,0.797297297297297,0.506756756756757,0.243243243243243,0.418918918918919,0.27027027027027,0,0.101351351351351,0.722972972972973,0.601351351351351,0.425675675675676
"E289",191,1.28206624602831,-1.39068213766217,0.388481511455983,0.979057591623037,0.465968586387435,0.246073298429319,0.534031413612565,0.172774869109948,0.209424083769634,0.178010471204188,0.104712041884817,0.795811518324607,0.879581151832461,0.0942408376963351,0.340314136125654,0.25130890052356,0.0994764397905759,0.115183246073298,0.910994764397906,0.172774869109948,0.382198952879581
"E290",99,-0.212144499179618,0.433339795920382,-0.205279682266609,0.909090909090909,0.141414141414141,0.0505050505050505,0.424242424242424,0.0505050505050505,0.161616161616162,0.161616161616162,0.0808080808080808,0.717171717171717,0.575757575757576,0.222222222222222,0.414141414141414,0.616161616161616,0.111111111111111,0.0505050505050505,0.94949494949495,0.0606060606060606,0.232323232323232
"E291",182,1.18487723662641,0.369698592138803,-0.974342328368388,0.362637362637363,0.247252747252747,0.21978021978022,0.291208791208791,0.0989010989010989,0.10989010989011,0.252747252747253,0.0274725274725275,0.906593406593407,0.631868131868132,0.0494505494505494,0.148351648351648,0.115384615384615,0.021978021978022,0.032967032967033,0.906593406593407,0.10989010989011,0.478021978021978
"E292",175,-0.650612436772287,-0.709493645627637,-0.263682144232331,0.697142857142857,0.24,0.725714285714286,0.234285714285714,0.285714285714286,0.342857142857143,0.12,0.0628571428571429,0.948571428571429,0.765714285714286,0.4,0.257142857142857,0.497142857142857,0.222857142857143,0.24,0.96,0.108571428571429,0.354285714285714
"E293",107,1.28736727005853,-1.01894940268142,-0.803766904895669,0.897196261682243,0.121495327102804,0.626168224299065,0.457943925233645,0.186915887850467,0.00934579439252336,0.271028037383178,0.317757009345794,0.990654205607477,0.672897196261682,0.355140186915888,0.271028037383178,0.588785046728972,0.0280373831775701,0.102803738317757,0.97196261682243,0.448598130841121,0.411214953271028
"E294",151,0.538933215663317,-1.64074625333368,-0.730813672592368,0.384105960264901,0.0927152317880795,0.344370860927152,0.43046357615894,0.0198675496688742,0.178807947019868,0.423841059602649,0.033112582781457,0.867549668874172,0.66887417218543,0.0794701986754967,0.0794701986754967,0.0794701986754967,0.125827814569536,0.0860927152317881,0.973509933774834,0.178807947019868,0.357615894039735
"E295",166,0.0255405538039062,0.682710512141664,1.5429456316981,1,0.518072289156627,0.530120481927711,0.765060240963855,0.578313253012048,0.391566265060241,0.91566265060241,0.253012048192771,1,0.957831325301205,0.55421686746988,0.072289156626506,0.253012048192771,0.174698795180723,0.0903614457831325,0.993975903614458,0.174698795180723,0.072289156626506
"E296",146,1.1639475327246,-0.751876713541874,1.76140647680786,0.945205479452055,0.726027397260274,0.636986301369863,0.780821917808219,0.493150684931507,0.287671232876712,0.253424657534247,0.273972602739726,0.904109589041096,0.938356164383562,0.732876712328767,0.691780821917808,0.671232876712329,0.184931506849315,0.219178082191781,0.910958904109589,0.321917808219178,0.650684931506849
"E297",194,-0.367625732117171,0.716236911745028,1.0010304518891,0.979381443298969,0.587628865979381,0.644329896907217,0.77319587628866,0.077319587628866,0.139175257731959,0.407216494845361,0.283505154639175,0.798969072164949,0.865979381443299,0.798969072164949,0.701030927835051,0.479381443298969,0.211340206185567,0.216494845360825,1,0.804123711340206,0.494845360824742
"E298",65,-0.363369569501376,1.99500140843909,0.602566720571387,0.984615384615385,0.123076923076923,0.876923076923077,0.446153846153846,0.215384615384615,0.230769230769231,0.446153846153846,0.0769230769230769,0.676923076923077,0.8,0.138461538461538,0.384615384615385,0.230769230769231,0.138461538461538,0.0307692307692308,1,0.138461538461538,0.107692307692308
"E299",54,-0.00675336474544712,1.34613637848412,-0.116609619981425,0.907407407407407,0.222222222222222,0.759259259259259,0.462962962962963,0.166666666666667,0.037037037037037,0.111111111111111,0.0555555555555556,0.944444444444444,0.888888888888889,0,0.518518518518518,0.722222222222222,0.0740740740740741,0.0185185185185185,0.907407407407407,0.574074074074074,0.222222222222222
"E300",149,-0.100472498864641,-0.826907119029068,0.130979311288364,0.979865771812081,0.463087248322148,0.731543624161074,0.348993288590604,0.12751677852349,0.154362416107383,0.543624161073825,0.147651006711409,0.805369127516778,0.51006711409396,0.342281879194631,0.140939597315436,0.771812080536913,0.154362416107383,0.100671140939597,0.959731543624161,0.25503355704698,0.167785234899329
"E301",32,-0.14859207836112,1.13846516751087,1.00560096993023,0.875,0.5,0.75,0.5625,0.15625,0.40625,0.375,0.3125,0.96875,0.5625,0,0.6875,0.125,0.0625,0.21875,1,0.09375,0
"E302",162,-0.182952755436934,-0.670743488970344,0.483496303106415,0.962962962962963,0.358024691358025,0.759259259259259,0.41358024691358,0.253086419753086,0.54320987654321,0.314814814814815,0.0802469135802469,0.962962962962963,0.981481481481482,0.197530864197531,0.376543209876543,0.462962962962963,0.0308641975308642,0.0246913580246914,0.987654320987654,0.771604938271605,0.5
"E303",74,-0.85814783765375,0.28830533745626,-1.34617922044856,0.878378378378378,0.324324324324324,0.324324324324324,0.540540540540541,0.0540540540540541,0.135135135135135,0.135135135135135,0.027027027027027,0.864864864864865,0.432432432432432,0.0945945945945946,0.0405405405405405,0.027027027027027,0.0405405405405405,0.121621621621622,0.932432432432432,0.162162162162162,0.27027027027027
"E304",147,0.958159182178004,0.163840249645937,-0.558081474475882,0.571428571428571,0.0408163265306122,0.537414965986395,0.782312925170068,0.0272108843537415,0.258503401360544,0.333333333333333,0.00680272108843537,0.904761904761905,0.421768707482993,0.0204081632653061,0.183673469387755,0.306122448979592,0.0272108843537415,0.0408163265306122,0.986394557823129,0.537414965986395,0.353741496598639
"E305",170,-0.839076941832303,0.543705814431928,-0.932661347380411,0.635294117647059,0.247058823529412,0.452941176470588,0.176470588235294,0.0941176470588235,0.270588235294118,0.311764705882353,0.0588235294117647,0.594117647058824,0.535294117647059,0.0470588235294118,0.188235294117647,0.00588235294117647,0.0588235294117647,0.352941176470588,0.9,0.223529411764706,0.235294117647059
"E306",123,-0.759724279311683,0.0089607826965823,0.0447529033231767,0.967479674796748,0.439024390243902,0.300813008130081,0.357723577235772,0.0569105691056911,0.658536585365854,0.121951219512195,0.121951219512195,0.975609756097561,0.821138211382114,0.0650406504065041,0.16260162601626,0.691056910569106,0.0487804878048781,0.024390243902439,0.91869918699187,0.300813008130081,0.747967479674797
"E307",187,-0.866514819536214,0.29143972911296,-1.46223164394342,0.818181818181818,0.101604278074866,0.497326203208556,0.20855614973262,0.0588235294117647,0.299465240641711,0.0641711229946524,0.0267379679144385,1,0.818181818181818,0.0374331550802139,0.0213903743315508,0.0481283422459893,0.0374331550802139,0.352941176470588,0.86096256684492,0.368983957219251,0.219251336898396
"E308",48,1.65902566868139,0.632100222998882,1.55593071302173,0.9375,1,0.791666666666667,0.895833333333333,0.791666666666667,0.0833333333333333,0.375,0.3125,1,0.291666666666667,0.1875,0.6875,0.916666666666667,0.6875,0.229166666666667,0.916666666666667,0.541666666666667,0.354166666666667
"E309",104,0.556942277210519,-2.12229472459214,-1.70813205922505,0.798076923076923,0.163461538461538,0.278846153846154,0.288461538461538,0.0673076923076923,0.25,0.288461538461538,0.278846153846154,0.942307692307692,0.740384615384615,0.0961538461538462,0.0384615384615385,0,0.0192307692307692,0.0384615384615385,0.846153846153846,0.173076923076923,0.317307692307692
"E310",39,0.601386129662215,-0.273116168728087,0.517997847976892,0.846153846153846,0.41025641025641,0.615384615384615,0.358974358974359,0.0256410256410256,0.205128205128205,0.230769230769231,0.0256410256410256,0.743589743589744,0.615384615384615,0.641025641025641,0.692307692307692,0.179487179487179,0.102564102564103,0.230769230769231,0.743589743589744,0.153846153846154,0.0769230769230769
"E311",137,-1.96978682110424,0.379269650648216,-0.761351667193183,0.897810218978102,0.27007299270073,0.153284671532847,0.0948905109489051,0.0218978102189781,0.167883211678832,0.197080291970803,0.109489051094891,0.992700729927007,0.722627737226277,0.313868613138686,0.35036496350365,0.248175182481752,0.0291970802919708,0.0875912408759124,0.291970802919708,0.802919708029197,0.372262773722628
"E312",70,-0.380107748973682,0.207411582705335,-0.0130180171063702,0.8,0.314285714285714,0.7,0.514285714285714,0.157142857142857,0.385714285714286,0.2,0.0857142857142857,0.9,0.4,0.457142857142857,0.371428571428571,0.128571428571429,0.0285714285714286,0.157142857142857,0.885714285714286,0.142857142857143,0.371428571428571
"E313",176,1.15777354406233,0.130075482647751,2.15984392212367,0.857954545454545,0.823863636363636,0.835227272727273,0.698863636363636,0.113636363636364,0.357954545454545,0.4375,0.278409090909091,0.761363636363636,0.897727272727273,0.863636363636364,0.886363636363636,0.732954545454545,0.420454545454545,0.505681818181818,0.795454545454545,0.352272727272727,0.221590909090909
"E314",50,1.38963465416294,1.7290152298527,0.992644687232108,0.92,0.7,0.64,0.66,0.24,0.12,0.58,0.2,0.98,0.7,0.44,0.7,0.76,0.12,0.04,0.96,0.38,0.32
"E315",131,-2.01150842477619,-0.131777383691539,-0.846105083120038,0.893129770992366,0.312977099236641,0.183206106870229,0.49618320610687,0.0458015267175573,0.221374045801527,0.221374045801527,0.213740458015267,0.900763358778626,0.931297709923664,0.106870229007634,0.290076335877863,0.152671755725191,0.00763358778625954,0.33587786259542,0.900763358778626,0.152671755725191,0.290076335877863
"E316",124,-2.33630850037639,0.0901800389952223,-1.20226083623321,0.862903225806452,0.354838709677419,0.548387096774194,0.596774193548387,0.0483870967741935,0.0483870967741935,0,0.0241935483870968,0.967741935483871,0.717741935483871,0.032258064516129,0.290322580645161,0.314516129032258,0.0161290322580645,0.032258064516129,0.967741935483871,0.0483870967741935,0.0806451612903226
"E317",81,-1.36845977011138,-0.122655944893569,0.0758784817057699,0.950617283950617,0.185185185185185,0.728395061728395,0.395061728395062,0.172839506172839,0.246913580246914,0.530864197530864,0.222222222222222,0.617283950617284,0.555555555555556,0.469135802469136,0.271604938271605,0.271604938271605,0.0123456790123457,0.135802469135802,0.975308641975309,0.209876543209877,0.222222222222222
"E318",199,-1.37309426035361,2.34798597248153,1.36877456395003,0.874371859296482,0.562814070351759,0.582914572864322,0.939698492462312,0.130653266331658,0.623115577889447,0.0954773869346734,0.130653266331658,1,0.276381909547739,0.236180904522613,0.417085427135678,0.417085427135678,0.542713567839196,0.135678391959799,0.984924623115578,0.316582914572864,0.266331658291457
"E319",55,0.737388550085491,-0.62236219518714,-0.767678368534067,0.8,0.109090909090909,0.490909090909091,0.0909090909090909,0.0545454545454545,0.0727272727272727,0.145454545454545,0.0181818181818182,0.8,0.545454545454545,0.254545454545455,0.145454545454545,0.454545454545455,0.218181818181818,0.0545454545454545,1,0.636363636363636,0.490909090909091
"E320",94,0.454709341750177,1.09608012991909,0.741060825049552,0.829787234042553,0.702127659574468,0.904255319148936,0.542553191489362,0.212765957446809,0.106382978723404,0.340425531914894,0.117021276595745,0.734042553191489,0.734042553191489,0.74468085106383,0.382978723404255,0.308510638297872,0.0319148936170213,0.0319148936170213,0.840425531914894,0.595744680851064,0.276595744680851
"E321",137,1.77668132830334,1.13795870017689,-0.363829182477618,0.927007299270073,0.37956204379562,0.299270072992701,0.262773722627737,0.0218978102189781,0.0291970802919708,0.0948905109489051,0.138686131386861,0.883211678832117,0.321167883211679,0.0072992700729927,0.248175182481752,0.248175182481752,0.0291970802919708,0.0145985401459854,0.802919708029197,0.45985401459854,0.102189781021898
"E322",163,0.194985588228136,-0.740714885875294,1.21633565824659,1,0.190184049079755,0.47239263803681,0.134969325153374,0.294478527607362,0.312883435582822,0.834355828220859,0.049079754601227,0.987730061349693,0.447852760736196,0.165644171779141,0.576687116564417,0.141104294478528,0.54601226993865,0.098159509202454,0.969325153374233,0.202453987730061,0.122699386503067
"E323",131,-0.344612622139577,1.23768243980547,0.641948889490249,0.946564885496183,0.770992366412214,0.679389312977099,0.206106870229008,0.114503816793893,0.49618320610687,0.641221374045801,0.083969465648855,0.984732824427481,0.916030534351145,0.580152671755725,0.442748091603053,0.366412213740458,0.0305343511450382,0,0.931297709923664,0.900763358778626,0.404580152671756
"E324",133,1.61267663514805,0.589619597581652,2.1390876152678,1,0.661654135338346,0.736842105263158,0.511278195488722,0.263157894736842,0.278195488721804,0.639097744360902,0.278195488721804,1,0.849624060150376,0.443609022556391,0.887218045112782,0.962406015037594,0.112781954887218,0.917293233082707,0.947368421052632,0.609022556390977,0.270676691729323
"E325",180,0.775709363612466,1.00741836369821,0.200339467898027,0.894444444444444,0.555555555555556,0.722222222222222,0.566666666666667,0.183333333333333,0.233333333333333,0.105555555555556,0.0222222222222222,0.894444444444444,0.6,0.216666666666667,0.666666666666667,0.361111111111111,0.0388888888888889,0.277777777777778,0.955555555555556,0.433333333333333,0.394444444444444
"E326",158,0.70427912561433,-1.75300650648146,0.00658723184261967,0.835443037974684,0.5,0.107594936708861,0.474683544303797,0.189873417721519,0.0949367088607595,0.316455696202532,0.069620253164557,0.791139240506329,0.436708860759494,0.0189873417721519,0.386075949367089,0.0949367088607595,0.0253164556962025,0.0443037974683544,1,0.132911392405063,0.113924050632911
"E327",184,1.07215421601982,-0.773431753710342,1.24956873189976,0.951086956521739,0.739130434782609,0.706521739130435,0.635869565217391,0.326086956521739,0.391304347826087,0.282608695652174,0.179347826086957,0.782608695652174,0.652173913043478,0.0760869565217391,0.0543478260869565,0.239130434782609,0.184782608695652,0.0597826086956522,0.96195652173913,0.16304347826087,0.0217391304347826
"E328",82,-0.214130769685907,-0.386735295761461,0.283635528137792,0.914634146341463,0.853658536585366,0.768292682926829,0.658536585365854,0.304878048780488,0,0.634146341463415,0.426829268292683,1,0.0853658536585366,0.341463414634146,0.792682926829268,0.609756097560976,0.195121951219512,0.0731707317073171,0.975609756097561,0.0853658536585366,0.207317073170732
"E329",194,0.363631063912172,0.188347531556599,0.97128919570739,0.938144329896907,0.902061855670103,0.618556701030928,0.561855670103093,0.144329896907216,0.54639175257732,0.515463917525773,0.180412371134021,0.943298969072165,0.994845360824742,0.520618556701031,0.252577319587629,0.0257731958762887,0.0309278350515464,0.0360824742268041,0.93298969072165,0.474226804123711,0.190721649484536
"E330",126,1.08356378657411,-0.0619437868449765,1.52054692843134,0.96031746031746,0.666666666666667,0.880952380952381,0.523809523809524,0.0793650793650794,0.285714285714286,0.682539682539683,0.253968253968254,0.984126984126984,0.849206349206349,0.484126984126984,0.134920634920635,0.76984126984127,0.388888888888889,0.00793650793650794,0.936507936507937,0.476190476190476,0.198412698412698
"E331",61,-1.95227615716347,-0.148388226122151,-1.08669410991283,0.60655737704918,0.114754098360656,0.19672131147541,0.524590163934426,0.0983606557377049,0.0327868852459016,0.327868852459016,0.0163934426229508,0.590163934426229,0.622950819672131,0.180327868852459,0.213114754098361,0.0983606557377049,0.0655737704918033,0.0491803278688525,0.983606557377049,0.0327868852459016,0.213114754098361
"E332",118,0.0155101786160552,0.599105401299345,0.30155886921807,0.898305084745763,0.635593220338983,0.559322033898305,0.525423728813559,0.0593220338983051,0.110169491525424,0.152542372881356,0.0338983050847458,0.906779661016949,0.991525423728814,0.771186440677966,0.271186440677966,0.423728813559322,0.372881355932203,0.0593220338983051,0.991525423728814,0.474576271186441,0.220338983050847
"E333",199,-0.87098092003781,0.913847832792144,-0.00286950152936556,0.959798994974874,0.170854271356784,0.834170854271357,0.125628140703518,0.0552763819095477,0.195979899497487,0.110552763819095,0.14572864321608,0.603015075376884,0.648241206030151,0.0552763819095477,0.251256281407035,0.301507537688442,0.0100502512562814,0.155778894472362,0.688442211055276,0.738693467336683,0.723618090452261
"E334",37,-0.900934214910906,1.6666000600483,-0.23927862435567,0.972972972972973,0.513513513513513,0.783783783783784,0.702702702702703,0.351351351351351,0.243243243243243,0.162162162162162,0,1,0.594594594594595,0.405405405405405,0.540540540540541,0.351351351351351,0.0810810810810811,0,0.972972972972973,0.675675675675676,0.702702702702703
"E335",139,-0.776112067634224,0.603637972396393,-1.90017226625196,0.79136690647482,0.158273381294964,0.0503597122302158,0.338129496402878,0.0647482014388489,0.143884892086331,0.0431654676258993,0.00719424460431655,0.784172661870504,0.741007194244604,0.381294964028777,0.0503597122302158,0.215827338129496,0.122302158273381,0.0143884892086331,0.956834532374101,0.23021582733813,0.0143884892086331
"E336",88,0.361430751154015,-1.16201140949401,-0.689941883769568,0.761363636363636,0.409090909090909,0.318181818181818,0.295454545454545,0.0795454545454545,0.125,0.340909090909091,0.147727272727273,0.875,0.613636363636364,0.352272727272727,0.636363636363636,0.670454545454545,0.0454545454545455,0.306818181818182,0.954545454545455,0.284090909090909,0.0681818181818182
"E337",118,-0.0173493122643544,-1.37223198751365,0.883582584692687,0.966101694915254,0.457627118644068,0.593220338983051,0.483050847457627,0.533898305084746,0.593220338983051,0.389830508474576,0.347457627118644,0.991525423728814,0.584745762711864,0.177966101694915,0.449152542372881,0.457627118644068,0.186440677966102,0.677966101694915,0.822033898305085,0.516949152542373,0.228813559322034
"E338",93,-1.11819535979872,1.33404139102141,1.94785806744816,1,0.849462365591398,0.698924731182796,0.881720430107527,0.881720430107527,0.537634408602151,0.860215053763441,0.462365591397849,1,0.924731182795699,0.645161290322581,0.387096774193548,0.67741935483871,0.623655913978495,0.247311827956989,0.881720430107527,0.56989247311828,0.301075268817204
"E339",145,0.58669137484252,-0.393542558040908,-0.750604982213441,0.758620689655172,0.158620689655172,0.310344827586207,0.462068965517241,0.137931034482759,0.179310344827586,0.137931034482759,0.124137931034483,0.944827586206897,0.317241379310345,0,0.772413793103448,0.406896551724138,0.0344827586206897,0.179310344827586,0.924137931034483,0.241379310344828,0.124137931034483
"E340",43,0.486195009924034,0.353585138470633,-0.250727584551382,0.906976744186046,0.116279069767442,0.767441860465116,0.186046511627907,0.162790697674419,0.27906976744186,0.302325581395349,0.0697674418604651,0.813953488372093,0.906976744186046,0.604651162790698,0.488372093023256,0.209302325581395,0.302325581395349,0.116279069767442,0.674418604651163,0.651162790697674,0.395348837209302
"E341",70,0.473894455796676,0.400055481683396,-1.49279992101392,0.857142857142857,0.0857142857142857,0.5,0.2,0.0714285714285714,0,0.114285714285714,0.0428571428571429,0.571428571428571,0.0285714285714286,0.0428571428571429,0,0.0428571428571429,0.0857142857142857,0.0142857142857143,0.971428571428571,0.771428571428571,0.328571428571429
"E342",189,0.361427452891757,0.666740074189319,0.579242875376406,0.957671957671958,0.634920634920635,0.671957671957672,0.44973544973545,0.502645502645503,0.0899470899470899,0.37037037037037,0.0634920634920635,0.91005291005291,0.185185185185185,0.126984126984127,0.899470899470899,0.486772486772487,0.0211640211640212,0.126984126984127,0.952380952380952,0.153439153439153,0.455026455026455
"E343",101,1.21768364371144,-0.420241256035585,-0.082729863066454,0.792079207920792,0.207920792079208,0.316831683168317,0.376237623762376,0.168316831683168,0.188118811881188,0.287128712871287,0.178217821782178,0.97029702970297,0.910891089108911,0.554455445544555,0.178217821782178,0.287128712871287,0.198019801980198,0.0891089108910891,0.920792079207921,0.158415841584158,0.267326732673267
"E344",167,-0.673116960131551,-0.328174632770276,-1.42564982671938,0.81437125748503,0.149700598802395,0.544910179640719,0.251497005988024,0.0419161676646707,0.0179640718562874,0.18562874251497,0.0419161676646707,0.784431137724551,0.526946107784431,0.0718562874251497,0.0958083832335329,0.0419161676646707,0.0538922155688623,0.0419161676646707,1,0.107784431137725,0.0658682634730539
"E345",93,-0.598848241837351,0.437923476479789,-0.36603389664831,0.89247311827957,0.182795698924731,0.645161290322581,0.118279569892473,0.0537634408602151,0.139784946236559,0.602150537634409,0.440860215053763,0.849462365591398,0.440860215053763,0.516129032258065,0.150537634408602,0.193548387096774,0.0752688172043011,0.032258064516129,0.698924731182796,0.225806451612903,0.182795698924731
"E346",47,0.735873146511805,-0.784044326886472,-0.78384722926526,0.893617021276596,0.404255319148936,0.106382978723404,0.74468085106383,0.0638297872340425,0.25531914893617,0.0851063829787234,0.0425531914893617,0.872340425531915,0.872340425531915,0.170212765957447,0.382978723404255,0.0638297872340425,0,0.0212765957446809,1,0.74468085106383,0.25531914893617
"E347",170,0.60173965147488,-0.226837232126531,0.999790323637657,0.994117647058824,0.676470588235294,0.635294117647059,0.629411764705882,0.176470588235294,0.223529411764706,0.170588235294118,0.0764705882352941,0.805882352941176,0.835294117647059,0.605882352941176,0.658823529411765,0.235294117647059,0.0411764705882353,0.423529411764706,0.564705882352941,0.311764705882353,0.347058823529412
"E348",177,1.10889193968727,-0.582210315071111,0.635424100750293,0.937853107344633,0.248587570621469,0.824858757062147,0.734463276836158,0.350282485875706,0.542372881355932,0.305084745762712,0.15819209039548,0.988700564971751,0.502824858757062,0.333333333333333,0.457627118644068,0.163841807909605,0.0169491525423729,0.446327683615819,0.971751412429379,0.152542372881356,0.265536723163842
"E349",81,-0.0113905983860746,-1.098110347489,-0.242000187829506,0.765432098765432,0.345679012345679,0.777777777777778,0.37037037037037,0.259259259259259,0.037037037037037,0.185185185185185,0.283950617283951,0.814814814814815,0.851851851851852,0.111111111111111,0.592592592592593,0.160493827160494,0.0123456790123457,0.0987654320987654,0.864197530864197,0.444444444444444,0.37037037037037
"E350",62,0.605035960687119,0.162352442701946,1.0844519216195,0.983870967741935,0.5,0.806451612903226,0.532258064516129,0.209677419354839,0.451612903225806,0.225806451612903,0.112903225806452,1,0.338709677419355,0.806451612903226,0.806451612903226,0.032258064516129,0.032258064516129,0.0806451612903226,0.951612903225806,0.17741935483871,0.693548387096774
"E351",35,1.12352815317424,0.450619475819499,1.02561628729896,0.942857142857143,0.485714285714286,0.8,0.857142857142857,0.114285714285714,0.314285714285714,0,0.428571428571429,1,0.6,0.114285714285714,0.371428571428571,0.4,0.0285714285714286,0.2,0.971428571428571,0.714285714285714,0.4
"E352",41,-0.705362053710043,0.0982995234973026,-2.29180435971347,0.804878048780488,0.024390243902439,0.024390243902439,0.195121951219512,0.024390243902439,0,0.0487804878048781,0.0487804878048781,0.804878048780488,0.560975609756098,0.146341463414634,0.0487804878048781,0.170731707317073,0.024390243902439,0,1,0.0487804878048781,0
"E353",83,1.76247207167883,0.334055561690702,1.0493038616202,0.891566265060241,0.433734939759036,0.325301204819277,0.566265060240964,0.072289156626506,0.662650602409639,0.397590361445783,0.120481927710843,0.843373493975904,0.891566265060241,0.542168674698795,0.614457831325301,0.783132530120482,0.759036144578313,0.108433734939759,0.975903614457831,0.180722891566265,0.349397590361446
"E354",97,-0.730020695494859,-0.0903722507191762,0.11734166834883,0.65979381443299,0.154639175257732,0.505154639175258,0.278350515463918,0.164948453608247,0.350515463917526,0.298969072164948,0.144329896907216,0.938144329896907,0.690721649484536,0.0412371134020619,0.134020618556701,0.257731958762887,0.0515463917525773,0.463917525773196,0.989690721649485,0.278350515463918,0.412371134020619
"E355",179,-1.63415762678176,-0.175437620600107,-0.424896437788511,0.960893854748603,0.212290502793296,0.391061452513966,0.508379888268156,0.0167597765363128,0.0446927374301676,0.0837988826815642,0.0446927374301676,0.88268156424581,0.463687150837989,0.122905027932961,0.569832402234637,0.290502793296089,0.0614525139664804,0,0.642458100558659,0.35195530726257,0.452513966480447
"E356",172,-0.123993779923598,-1.57072135945584,-1.04195412299913,0.825581395348837,0.226744186046512,0.476744186046512,0.296511627906977,0.0872093023255814,0.13953488372093,0.0406976744186047,0.0523255813953488,0.296511627906977,0.540697674418605,0.383720930232558,0.0465116279069767,0.215116279069767,0.0290697674418605,0.00581395348837209,0.976744186046512,0.0872093023255814,0.273255813953488
"E357",175,0.204139470306424,1.21159302733537,0.557888052180628,0.971428571428571,0.605714285714286,0.605714285714286,0.394285714285714,0.148571428571429,0.12,0.36,0.148571428571429,0.971428571428571,0.942857142857143,0.708571428571429,0.234285714285714,0.16,0.0228571428571429,0.36,0.88,0.36,0.24
"E358",63,-0.68323921942861,1.45793829178585,0.0269105904820946,0.904761904761905,0.19047619047619,0.349206349206349,0.412698412698413,0.158730158730159,0.0952380952380952,0.26984126984127,0.174603174603175,0.984126984126984,0.634920634920635,0.492063492063492,0.0952380952380952,0.666666666666667,0.19047619047619,0.444444444444444,0.793650793650794,0.412698412698413,0.444444444444444
"E359",166,-1.01636227170084,0.865075477914802,-1.15849985465336,0.933734939759036,0.210843373493976,0.271084337349398,0.108433734939759,0.0963855421686747,0.319277108433735,0.126506024096386,0.192771084337349,0.957831325301205,0.22289156626506,0.036144578313253,0.0421686746987952,0.0963855421686747,0.144578313253012,0.00602409638554217,0.927710843373494,0.102409638554217,0.0240963855421687
"E360",87,-0.671434165633787,0.589875474734274,1.61192159125986,0.919540229885057,0.632183908045977,0.931034482758621,0.586206896551724,0.0459770114942529,0.425287356321839,0.379310344827586,0.367816091954023,0.954022988505747,0.850574712643678,0.632183908045977,0.436781609195402,0.885057471264368,0.0804597701149425,0.137931034482759,0.850574712643678,0.540229885057471,0.206896551724138
"E361",82,1.12186281570044,0.0828203415601401,-0.881863506684738,0.926829268292683,0.280487804878049,0.426829268292683,0.207317073170732,0.0731707317073171,0.0121951219512195,0.536585365853659,0.024390243902439,0.841463414634146,0.878048780487805,0.280487804878049,0.0365853658536585,0.51219512195122,0.0853658536585366,0.0121951219512195,0.902439024390244,0.109756097560976,0.158536585365854
"E362",195,-2.10066370498434,-0.403684784749441,-1.54652647481365,0.676923076923077,0.435897435897436,0.451282051282051,0.158974358974359,0.0461538461538462,0.041025641025641,0.0358974358974359,0.00512820512820513,0.887179487179487,0.476923076923077,0.476923076923077,0.112820512820513,0.128205128205128,0.235897435897436,0.0923076923076923,0.892307692307692,0.307692307692308,0.282051282051282
"E363",131,-2.09087185958204,0.193777916274814,0.249102562753733,0.977099236641221,0.229007633587786,0.824427480916031,0.213740458015267,0.106870229007634,0.229007633587786,0.473282442748092,0.16793893129771,0.954198473282443,0.931297709923664,0.190839694656489,0.267175572519084,0.366412213740458,0.0534351145038168,0.0152671755725191,0.969465648854962,0.732824427480916,0.290076335877863
"E364",79,-1.29110001012018,-0.553142679203068,-2.09494869619355,0.645569620253165,0.151898734177215,0.0886075949367089,0.240506329113924,0.240506329113924,0.0632911392405063,0.0506329113924051,0.0126582278481013,0.632911392405063,0.430379746835443,0.354430379746835,0.0253164556962025,0.139240506329114,0,0.0253164556962025,0.936708860759494,0.0253164556962025,0.227848101265823
"E365",122,1.07199151952253,0.70346433981999,1.23056005415456,0.950819672131147,0.729508196721312,0.622950819672131,0.80327868852459,0.5,0.213114754098361,0.278688524590164,0.114754098360656,0.721311475409836,1,0.540983606557377,0.934426229508197,0.614754098360656,0.270491803278689,0.459016393442623,0.729508196721312,0.131147540983607,0.622950819672131
"E366",102,0.894870152083501,0.397668729642592,0.199941588496963,0.862745098039216,0.588235294117647,0.725490196078431,0.568627450980392,0.156862745098039,0.607843137254902,0.303921568627451,0.205882352941176,0.529411764705882,0.774509803921569,0.186274509803922,0.147058823529412,0.0490196078431373,0.0294117647058824,0.303921568627451,0.990196078431373,0.0686274509803922,0.0882352941176471
"E367",147,-0.842632298901112,0.0100055504835981,-0.640054036268973,0.884353741496599,0.306122448979592,0.414965986394558,0.625850340136054,0.0952380952380952,0.0476190476190476,0.0136054421768707,0.156462585034014,0.258503401360544,0.639455782312925,0.00680272108843537,0.19047619047619,0.489795918367347,0.0680272108843537,0.00680272108843537,0.986394557823129,0.102040816326531,0.122448979591837
"E368",65,0.0462974922741544,-0.255537690151586,-1.72755987622193,0.753846153846154,0.138461538461538,0.169230769230769,0.153846153846154,0.0307692307692308,0,0.0461538461538462,0.0307692307692308,0.569230769230769,0.169230769230769,0.430769230769231,0.230769230769231,0.0769230769230769,0.0153846153846154,0.0307692307692308,1,0.830769230769231,0.707692307692308
"E369",77,0.623368148702539,0.301799212469126,-0.272287347519739,0.935064935064935,0.532467532467532,0.272727272727273,0.584415584415584,0.311688311688312,0.051948051948052,0.12987012987013,0.194805194805195,0.987012987012987,0.467532467532468,0.0909090909090909,0.038961038961039,0.662337662337662,0.181818181818182,0.142857142857143,0.974025974025974,0.74025974025974,0.909090909090909
"E370",196,0.485091951868738,0.723584081288875,0.769239775138877,0.887755102040816,0.352040816326531,0.556122448979592,0.586734693877551,0.255102040816327,0.178571428571429,0.158163265306122,0.142857142857143,0.974489795918367,0.76530612244898,0.448979591836735,0.408163265306122,0.683673469387755,0.0255102040816327,0.112244897959184,0.954081632653061,0.433673469387755,0.295918367346939
"E371",151,0.531944473401682,1.4151701539861,0.288540124715409,0.920529801324503,0.655629139072848,0.814569536423841,0.384105960264901,0.298013245033113,0.125827814569536,0.264900662251656,0.0662251655629139,0.589403973509934,0.913907284768212,0.264900662251656,0.874172185430464,0.139072847682119,0.0397350993377483,0.0397350993377483,0.960264900662252,0.0993377483443709,0.0463576158940397
"E372",90,0.19742268076406,-1.37337950574091,0.713609208193023,0.877777777777778,0.155555555555556,0.411111111111111,0.488888888888889,0.122222222222222,0.511111111111111,0.222222222222222,0.0888888888888889,0.988888888888889,0.755555555555556,0.177777777777778,0.6,0.677777777777778,0.0222222222222222,0.0222222222222222,0.955555555555556,0.233333333333333,0.277777777777778
"E373",174,0.326566784462888,-0.599548070268292,0.00814363755036069,0.879310344827586,0.53448275862069,0.758620689655172,0.396551724137931,0.0747126436781609,0.189655172413793,0.344827586206897,0.252873563218391,0.580459770114943,0.46551724137931,0.109195402298851,0.14367816091954,0.540229885057471,0.0114942528735632,0.149425287356322,0.925287356321839,0.206896551724138,0.28735632183908
"E374",117,-1.44023199151019,1.71015618024855,-0.0729778345741083,0.88034188034188,0.239316239316239,0.487179487179487,0.188034188034188,0.0256410256410256,0.0170940170940171,0.094017094017094,0.102564102564103,0.991452991452991,0.735042735042735,0.162393162393162,0.230769230769231,0.341880341880342,0.111111111111111,0.0170940170940171,0.982905982905983,0.162393162393162,0.11965811965812
"E375",136,2.11470907987023,-0.163937529099855,0.721667081666993,0.992647058823529,0.198529411764706,0.75,0.139705882352941,0.0955882352941176,0.389705882352941,0.257352941176471,0.0808823529411765,0.794117647058823,0.375,0.110294117647059,0.00735294117647059,0.352941176470588,0.147058823529412,0.102941176470588,0.977941176470588,0.433823529411765,0.235294117647059
"E376",85,-0.184672313220123,1.60460144055646,0.766348856967871,0.976470588235294,0.576470588235294,0.835294117647059,0.694117647058824,0.0823529411764706,0.470588235294118,0.717647058823529,0.141176470588235,0.882352941176471,0.882352941176471,0.6,0.352941176470588,0.152941176470588,0.352941176470588,0.0588235294117647,0.835294117647059,0.0588235294117647,0.0470588235294118
"E377",56,0.492104327529081,-0.798674754667866,1.07223838260344,0.982142857142857,0.321428571428571,0.678571428571429,0.267857142857143,0.214285714285714,0.678571428571429,0.0535714285714286,0.178571428571429,0.946428571428571,0.785714285714286,0.196428571428571,0.267857142857143,0.0714285714285714,0,0.267857142857143,0.928571428571429,0.696428571428571,0.392857142857143
"E378",49,-1.36132698556342,1.18037424884885,0.548581177006315,1,0.306122448979592,0.63265306122449,0.408163265306122,0.326530612244898,0.102040816326531,0.387755102040816,0.26530612244898,0.938775510204082,0.877551020408163,0.0204081632653061,0.224489795918367,0.285714285714286,0.0408163265306122,0.612244897959184,0.775510204081633,0.0612244897959184,0.102040816326531
"E379",32,-0.365217557903885,-0.859589831327811,0.299031601401568,0.84375,0.28125,0.53125,0.40625,0.125,0.0625,0.375,0.0625,1,0.9375,0.84375,0.375,0.78125,0.125,0.15625,1,0.15625,0.03125
"E380",106,0.7561265592095,-0.86974967242439,1.37677940080954,0.849056603773585,0.669811320754717,0.839622641509434,0.613207547169811,0.367924528301887,0.632075471698113,0.528301886792453,0.207547169811321,1,0.933962264150943,0.311320754716981,0.811320754716981,0.792452830188679,0.471698113207547,0.707547169811321,0.849056603773585,0.0566037735849057,0.0566037735849057
"E381",87,0.146502808516189,0.295584565295028,-0.220756113943293,0.839080459770115,0.206896551724138,0.540229885057471,0.655172413793103,0.0689655172413793,0.0574712643678161,0.0804597701149425,0.0919540229885057,0.919540229885057,0.781609195402299,0.0804597701149425,0.436781609195402,0.0919540229885057,0.264367816091954,0.0919540229885057,0.96551724137931,0.310344827586207,0.0919540229885057
"E382",112,0.261947248506149,-0.274837917019254,-0.0221869538017303,0.857142857142857,0.0982142857142857,0.651785714285714,0.723214285714286,0.5,0.0892857142857143,0.107142857142857,0.116071428571429,0.875,0.517857142857143,0.339285714285714,0.258928571428571,0.723214285714286,0.169642857142857,0.196428571428571,0.892857142857143,0.125,0.0625
"E383",48,-1.30615904372434,-1.11238074519984,0.758304250741162,0.8125,0.520833333333333,0.791666666666667,0.541666666666667,0.3125,0.5625,0.0625,0.0416666666666667,0.979166666666667,0.958333333333333,0.1875,0.291666666666667,0.25,0.0833333333333333,0.166666666666667,0.895833333333333,0.104166666666667,0.166666666666667
"E384",113,0.492164032443828,-1.10611190648605,-0.558865947079963,0.964601769911504,0.123893805309735,0.495575221238938,0.300884955752212,0.0530973451327434,0.20353982300885,0.292035398230089,0.0884955752212389,0.876106194690266,0.584070796460177,0.371681415929204,0.141592920353982,0.345132743362832,0.176991150442478,0.0442477876106195,0.964601769911504,0.353982300884956,0.353982300884956
"E385",166,-0.511104000679042,0.308028588983761,0.519001116786168,0.783132530120482,0.0421686746987952,0.355421686746988,0.259036144578313,0.072289156626506,0.132530120481928,0.265060240963855,0.0301204819277108,0.981927710843373,0.981927710843373,0.843373493975904,0.072289156626506,0.789156626506024,0.0120481927710843,0.0301204819277108,0.975903614457831,0.349397590361446,0.867469879518072
"E386",36,-1.66057454138599,-1.08568792211512,-0.724283405609102,0.722222222222222,0.333333333333333,0.75,0.416666666666667,0.0833333333333333,0.166666666666667,0.0555555555555556,0.222222222222222,0.916666666666667,0.611111111111111,0,0.0833333333333333,0.361111111111111,0.0833333333333333,0.0277777777777778,0.944444444444444,0.305555555555556,0.472222222222222
"E387",30,0.622376370866293,1.01683942966976,2.31969558655235,0.866666666666667,0.7,0.833333333333333,0.933333333333333,0.5,0.433333333333333,0.766666666666667,0.833333333333333,0.966666666666667,0.866666666666667,0.366666666666667,0.6,0.1,0.0333333333333333,0.266666666666667,0.933333333333333,0.233333333333333,0.7
"E388",163,0.0157310112822735,1.29398257664835,1.77869152833828,1,0.699386503067485,0.858895705521472,0.975460122699387,0.429447852760736,0.171779141104294,0.374233128834356,0.0613496932515337,0.932515337423313,0.98159509202454,0.687116564417178,0.202453987730061,0.47239263803681,0.644171779141104,0.128834355828221,0.98159509202454,0.631901840490798,0.355828220858896
"E389",128,-0.733887125964384,-1.20692916422951,-0.448360185798957,0.8046875,0.3125,0.3515625,0.5859375,0.0234375,0.28125,0.0625,0.0625,0.890625,0.8203125,0.4765625,0.90625,0.75,0.015625,0.125,0.9921875,0.4609375,0.5703125
"E390",174,0.27521113796498,-1.74997090694174,0.105730286559869,0.718390804597701,0.402298850574713,0.557471264367816,0.275862068965517,0.390804597701149,0.28735632183908,0.0517241379310345,0.0862068965517241,0.902298850574713,0.959770114942529,0.132183908045977,0.339080459770115,0.298850574712644,0.0172413793103448,0.0919540229885057,0.977011494252874,0.609195402298851,0.201149425287356
"E391",70,-1.8587385910095,-2.19522755244751,-3.98975094907161,0.371428571428571,0.0142857142857143,0.0428571428571429,0.1,0,0.0285714285714286,0,0,0.142857142857143,0.571428571428571,0.0285714285714286,0.0142857142857143,0.0428571428571429,0.0142857142857143,0.0142857142857143,1,0.142857142857143,0.0142857142857143
"E392",189,2.07889036683578,0.780089945806557,1.01112191058661,0.984126984126984,0.576719576719577,0.497354497354497,0.634920634920635,0.28042328042328,0.386243386243386,0.656084656084656,0.439153439153439,0.994708994708995,0.862433862433862,0.724867724867725,0.17989417989418,0.576719576719577,0.571428571428571,0.0317460317460317,0.989417989417989,0.677248677248677,0.248677248677249
"E393",39,-2.36088032720629,-1.08546476672529,-0.675693279045339,0.769230769230769,0.179487179487179,0.487179487179487,0.102564102564103,0.128205128205128,0.102564102564103,0.205128205128205,0.0256410256410256,0.58974358974359,0.512820512820513,0.461538461538462,0.333333333333333,0.307692307692308,0,0.179487179487179,0.923076923076923,0.128205128205128,0.435897435897436
"E394",182,0.327135397295895,1.01612857543453,2.56649353270019,0.967032967032967,0.434065934065934,0.923076923076923,0.648351648351648,0.285714285714286,0.642857142857143,0.818681318681319,0.56043956043956,0.923076923076923,0.851648351648352,0.307692307692308,0.510989010989011,0.945054945054945,0.873626373626374,0.461538461538462,0.978021978021978,0.285714285714286,0.401098901098901
"E395",74,-0.227522726278505,-0.21040661077906,-0.0420906124835393,0.945945945945946,0.716216216216216,0.486486486486487,0.594594594594595,0.337837837837838,0.432432432432432,0.364864864864865,0.027027027027027,0.837837837837838,0.945945945945946,0.405405405405405,0.027027027027027,0.581081081081081,0.0945945945945946,0.324324324324324,0.675675675675676,0.297297297297297,0.635135135135135
"E396",66,-1.18059531411805,-1.33866666877921,-0.330731799723352,0.848484848484849,0.393939393939394,0.0909090909090909,0.378787878787879,0.0909090909090909,0.151515151515152,0.318181818181818,0.242424242424242,0.939393939393939,0.939393939393939,0.227272727272727,0.0606060606060606,0.166666666666667,0.151515151515152,0.0151515151515152,0.878787878787879,0.227272727272727,0.5
"E397",113,0.330421531559684,-0.876139679397935,-0.0579922295257604,0.938053097345133,0.672566371681416,0.433628318584071,0.699115044247788,0.106194690265487,0.0973451327433628,0.185840707964602,0.0619469026548673,0.84070796460177,0.893805309734513,0.353982300884956,0.0707964601769911,0.132743362831858,0.0442477876106195,0.0884955752212389,0.946902654867257,0.256637168141593,0.610619469026549
"E398",76,-0.406934780043714,0.0471728881584331,-1.23358316057176,0.75,0.144736842105263,0.302631578947368,0.276315789473684,0.0921052631578947,0.0921052631578947,0.315789473684211,0.0526315789473684,0.960526315789474,0.855263157894737,0.394736842105263,0.0263157894736842,0.513157894736842,0.0657894736842105,0.263157894736842,0.921052631578947,0.289473684210526,0.236842105263158
"E399",94,1.52522324018498,2.01695237231075,1.29225568939667,0.904255319148936,0.585106382978723,0.882978723404255,0.702127659574468,0.138297872340426,0.276595744680851,0.191489361702128,0.404255319148936,0.521276595744681,0.723404255319149,0.765957446808511,0.24468085106383,0.340425531914894,0.25531914893617,0.0957446808510638,0.808510638297872,0.319148936170213,0.563829787234043
"E400",106,-1.10318386829999,0.372699001110427,0.215499884583795,0.886792452830189,0.254716981132075,0.150943396226415,0.669811320754717,0.19811320754717,0.471698113207547,0.716981132075472,0.0471698113207547,0.830188679245283,0.792452830188679,0.160377358490566,0.792452830188679,0.188679245283019,0.405660377358491,0.10377358490566,0.943396226415094,0.113207547169811,0.19811320754717
